exclude_last_weeks	surveillance_network	age_group	site	method	baseline_method	horizon_weeks	threshold_rule	threshold_value	paired_n	event_frequency	alert_frequency	sensitivity	specificity	ppv	npv	f1	sensitivity_ci_lo	sensitivity_ci_hi	specificity_ci_lo	specificity_ci_hi	baseline_sensitivity	baseline_specificity	baseline_alert_frequency
0	FluSurv-NET	65+ yr	Overall	seasonal_naive	seasonal_naive	1	train_quantile_0.85	11.075	54	0.37037037037037035	0.3148148148148148	0.5	0.7941176470588235	0.5882352941176471	0.7297297297297297	0.5405405405405405	0.08055555555555556	0.7505494505494503	0.6	1.0	0.5	0.7941176470588235	0.3148148148148148
0	FluSurv-NET	65+ yr	Overall	seasonal_naive	seasonal_naive	1	train_quantile_0.90	14.25	54	0.2962962962962963	0.2962962962962963	0.4375	0.7631578947368421	0.4375	0.7631578947368421	0.4375	0.12512077294685992	0.7367965367965368	0.5639782608695652	0.9689740143369175	0.4375	0.7631578947368421	0.2962962962962963
0	FluSurv-NET	65+ yr	Overall	seasonal_naive	seasonal_naive	1	train_quantile_0.95	18.150000000000002	54	0.25925925925925924	0.24074074074074073	0.35714285714285715	0.8	0.38461538461538464	0.7804878048780488	0.3703703703703704	0.09062500000000001	0.7996031746031745	0.5539189189189189	0.9814102564102564	0.35714285714285715	0.8	0.24074074074074073
0	FluSurv-NET	65+ yr	Overall	seasonal_naive	seasonal_naive	2	train_quantile_0.85	11.075	53	0.37735849056603776	0.32075471698113206	0.5	0.7878787878787878	0.5882352941176471	0.7222222222222222	0.5405405405405405	0.22230769230769232	0.7892712550607287	0.5265243902439025	0.969180470793374	0.5	0.7878787878787878	0.32075471698113206
0	FluSurv-NET	65+ yr	Overall	seasonal_naive	seasonal_naive	2	train_quantile_0.90	14.25	53	0.3018867924528302	0.3018867924528302	0.4375	0.7567567567567568	0.4375	0.7567567567567568	0.4375	0.09062500000000001	0.8333333333333334	0.5559535104364326	0.9842391304347826	0.4375	0.7567567567567568	0.3018867924528302
0	FluSurv-NET	65+ yr	Overall	seasonal_naive	seasonal_naive	2	train_quantile_0.95	18.150000000000002	53	0.2641509433962264	0.24528301886792453	0.35714285714285715	0.7948717948717948	0.38461538461538464	0.775	0.3703703703703704	0.07500000000000001	0.620535714285714	0.64375	1.0	0.35714285714285715	0.7948717948717948	0.24528301886792453
0	FluSurv-NET	65+ yr	Overall	seasonal_naive	seasonal_naive	3	train_quantile_0.85	11.075	52	0.38461538461538464	0.3269230769230769	0.5	0.78125	0.5882352941176471	0.7142857142857143	0.5405405405405405	0.08333333333333333	0.7480994152046783	0.509375	0.9835227272727273	0.5	0.78125	0.3269230769230769
0	FluSurv-NET	65+ yr	Overall	seasonal_naive	seasonal_naive	3	train_quantile_0.90	14.25	52	0.3076923076923077	0.3076923076923077	0.4375	0.75	0.4375	0.75	0.4375	0.16730769230769232	0.7142857142857143	0.6561913696060038	1.0	0.4375	0.75	0.3076923076923077
0	FluSurv-NET	65+ yr	Overall	seasonal_naive	seasonal_naive	3	train_quantile_0.95	18.150000000000002	52	0.2692307692307692	0.25	0.35714285714285715	0.7894736842105263	0.38461538461538464	0.7692307692307693	0.3703703703703704	0.045312500000000006	0.8658730158730158	0.5962639109697934	1.0	0.35714285714285715	0.7894736842105263	0.25
0	FluSurv-NET	65+ yr	Overall	seasonal_naive	seasonal_naive	4	train_quantile_0.85	11.075	51	0.39215686274509803	0.3333333333333333	0.5	0.7741935483870968	0.5882352941176471	0.7058823529411765	0.5405405405405405	0.283531746031746	0.8571428571428571	0.5368831168831169	0.9731481481481481	0.5	0.7741935483870968	0.3333333333333333
0	FluSurv-NET	65+ yr	Overall	seasonal_naive	seasonal_naive	4	train_quantile_0.90	14.25	51	0.3137254901960784	0.3137254901960784	0.4375	0.7428571428571429	0.4375	0.7428571428571429	0.4375	0.0	0.7778492647058822	0.4262037037037037	0.9745352564102564	0.4375	0.7428571428571429	0.3137254901960784
0	FluSurv-NET	65+ yr	Overall	seasonal_naive	seasonal_naive	4	train_quantile_0.95	18.150000000000002	51	0.27450980392156865	0.2549019607843137	0.35714285714285715	0.7837837837837838	0.38461538461538464	0.7631578947368421	0.3703703703703704	0.05178571428571429	0.6099999999999999	0.5648809523809524	1.0	0.35714285714285715	0.7837837837837838	0.2549019607843137
0	FluSurv-NET	65+ yr	Overall	ridge_univariate	seasonal_naive	1	train_quantile_0.85	11.075	52	0.38461538461538464	0.3076923076923077	0.8	1.0	1.0	0.8888888888888888	0.888888888888889	0.6171945701357466	0.9618421052631578	1.0	1.0	0.5	0.78125	0.3269230769230769
0	FluSurv-NET	65+ yr	Overall	ridge_univariate	seasonal_naive	1	train_quantile_0.90	14.25	52	0.3076923076923077	0.2692307692307692	0.8125	0.9722222222222222	0.9285714285714286	0.9210526315789473	0.8666666666666666	0.7076593137254903	1.0	0.8850694444444445	1.0	0.4375	0.75	0.3076923076923077
0	FluSurv-NET	65+ yr	Overall	ridge_univariate	seasonal_naive	1	train_quantile_0.95	18.150000000000002	52	0.2692307692307692	0.23076923076923078	0.7142857142857143	0.9473684210526315	0.8333333333333334	0.9	0.7692307692307692	0.2966666666666667	1.0	0.8816666666666667	1.0	0.35714285714285715	0.7894736842105263	0.25
0	FluSurv-NET	65+ yr	Overall	ridge_univariate	seasonal_naive	2	train_quantile_0.85	11.075	51	0.39215686274509803	0.29411764705882354	0.7	0.967741935483871	0.9333333333333333	0.8333333333333334	0.8	0.4166666666666667	1.0	0.8267857142857143	1.0	0.5	0.7741935483870968	0.3333333333333333
0	FluSurv-NET	65+ yr	Overall	ridge_univariate	seasonal_naive	2	train_quantile_0.90	14.25	51	0.3137254901960784	0.27450980392156865	0.6875	0.9142857142857143	0.7857142857142857	0.8648648648648649	0.7333333333333334	0.36992424242424243	1.0	0.7474285714285714	0.9798611111111111	0.4375	0.7428571428571429	0.3137254901960784
0	FluSurv-NET	65+ yr	Overall	ridge_univariate	seasonal_naive	2	train_quantile_0.95	18.150000000000002	51	0.27450980392156865	0.21568627450980393	0.5	0.8918918918918919	0.6363636363636364	0.825	0.56	0.16208333333333333	0.8352272727272724	0.6635057471264367	1.0	0.35714285714285715	0.7837837837837838	0.2549019607843137
0	FluSurv-NET	65+ yr	Overall	ridge_univariate	seasonal_naive	3	train_quantile_0.85	11.075	50	0.4	0.28	0.6	0.9333333333333333	0.8571428571428571	0.7777777777777778	0.7058823529411764	0.3892307692307692	0.9546874999999999	0.7082417582417583	1.0	0.5	0.7666666666666667	0.34
0	FluSurv-NET	65+ yr	Overall	ridge_univariate	seasonal_naive	3	train_quantile_0.90	14.25	50	0.32	0.24	0.5	0.8823529411764706	0.6666666666666666	0.7894736842105263	0.5714285714285715	0.10357142857142858	0.7896428571428571	0.64725	0.9786764705882353	0.4375	0.7352941176470589	0.32
0	FluSurv-NET	65+ yr	Overall	ridge_univariate	seasonal_naive	3	train_quantile_0.95	18.150000000000002	50	0.28	0.2	0.35714285714285715	0.8611111111111112	0.5	0.775	0.41666666666666663	0.0	0.6090277777777775	0.68609375	1.0	0.35714285714285715	0.7777777777777778	0.26
0	FluSurv-NET	65+ yr	Overall	ridge_univariate	seasonal_naive	4	train_quantile_0.85	11.075	49	0.40816326530612246	0.2653061224489796	0.5	0.896551724137931	0.7692307692307693	0.7222222222222222	0.6060606060606061	0.1935294117647059	0.7545833333333333	0.6986842105263158	0.9792857142857142	0.5	0.7586206896551724	0.3469387755102041
0	FluSurv-NET	65+ yr	Overall	ridge_univariate	seasonal_naive	4	train_quantile_0.90	14.25	49	0.32653061224489793	0.20408163265306123	0.3125	0.8484848484848485	0.5	0.717948717948718	0.38461538461538464	0.0	0.605220588235294	0.6449342105263158	0.9157575757575757	0.4375	0.7272727272727273	0.32653061224489793
0	FluSurv-NET	65+ yr	Overall	ridge_univariate	seasonal_naive	4	train_quantile_0.95	18.150000000000002	49	0.2857142857142857	0.16326530612244897	0.21428571428571427	0.8571428571428571	0.375	0.7317073170731707	0.2727272727272727	0.04027777777777778	0.35096153846153844	0.6891840607210626	0.9646341463414633	0.35714285714285715	0.7714285714285715	0.2653061224489796
0	FluSurv-NET	65+ yr	Overall	ridge_with_ed	seasonal_naive	1	train_quantile_0.85	11.075	52	0.38461538461538464	0.28846153846153844	0.75	1.0	1.0	0.8648648648648649	0.8571428571428571	0.4335833333333333	0.9252652519893899	1.0	1.0	0.5	0.78125	0.3269230769230769
0	FluSurv-NET	65+ yr	Overall	ridge_with_ed	seasonal_naive	1	train_quantile_0.90	14.25	52	0.3076923076923077	0.2692307692307692	0.8125	0.9722222222222222	0.9285714285714286	0.9210526315789473	0.8666666666666666	0.598931623931624	0.9458946078431373	0.9317959001782532	1.0	0.4375	0.75	0.3076923076923077
0	FluSurv-NET	65+ yr	Overall	ridge_with_ed	seasonal_naive	1	train_quantile_0.95	18.150000000000002	52	0.2692307692307692	0.23076923076923078	0.7142857142857143	0.9473684210526315	0.8333333333333334	0.9	0.7692307692307692	0.40454545454545454	1.0	0.8526416122004357	1.0	0.35714285714285715	0.7894736842105263	0.25
0	FluSurv-NET	65+ yr	Overall	ridge_with_ed	seasonal_naive	2	train_quantile_0.85	11.075	51	0.39215686274509803	0.27450980392156865	0.65	0.967741935483871	0.9285714285714286	0.8108108108108109	0.7647058823529412	0.451856884057971	0.8727777777777778	0.871875	1.0	0.5	0.7741935483870968	0.3333333333333333
0	FluSurv-NET	65+ yr	Overall	ridge_with_ed	seasonal_naive	2	train_quantile_0.90	14.25	51	0.3137254901960784	0.2549019607843137	0.625	0.9142857142857143	0.7692307692307693	0.8421052631578947	0.6896551724137931	0.23625000000000002	0.9194444444444443	0.7401091081593928	0.9798611111111111	0.4375	0.7428571428571429	0.3137254901960784
0	FluSurv-NET	65+ yr	Overall	ridge_with_ed	seasonal_naive	2	train_quantile_0.95	18.150000000000002	51	0.27450980392156865	0.21568627450980393	0.5	0.8918918918918919	0.6363636363636364	0.825	0.56	0.18125000000000002	0.7039285714285713	0.6940029985007496	0.9724286786786787	0.35714285714285715	0.7837837837837838	0.2549019607843137
0	FluSurv-NET	65+ yr	Overall	ridge_with_ed	seasonal_naive	3	train_quantile_0.85	11.075	50	0.4	0.28	0.6	0.9333333333333333	0.8571428571428571	0.7777777777777778	0.7058823529411764	0.2111111111111111	0.8780952380952379	0.7813684210526316	1.0	0.5	0.7666666666666667	0.34
0	FluSurv-NET	65+ yr	Overall	ridge_with_ed	seasonal_naive	3	train_quantile_0.90	14.25	50	0.32	0.24	0.4375	0.8529411764705882	0.5833333333333334	0.7631578947368421	0.5	0.21842105263157896	0.7552884615384615	0.6589795008912657	0.9702175543885971	0.4375	0.7352941176470589	0.32
0	FluSurv-NET	65+ yr	Overall	ridge_with_ed	seasonal_naive	3	train_quantile_0.95	18.150000000000002	50	0.28	0.22	0.35714285714285715	0.8333333333333334	0.45454545454545453	0.7692307692307693	0.4	0.0	0.6545833333333333	0.6441176470588236	0.9377845528455284	0.35714285714285715	0.7777777777777778	0.26
0	FluSurv-NET	65+ yr	Overall	ridge_with_ed	seasonal_naive	4	train_quantile_0.85	11.075	49	0.40816326530612246	0.2653061224489796	0.5	0.896551724137931	0.7692307692307693	0.7222222222222222	0.6060606060606061	0.29302059496567506	0.73125	0.7109962406015038	0.9758333333333333	0.5	0.7586206896551724	0.3469387755102041
0	FluSurv-NET	65+ yr	Overall	ridge_with_ed	seasonal_naive	4	train_quantile_0.90	14.25	49	0.32653061224489793	0.22448979591836735	0.3125	0.8181818181818182	0.45454545454545453	0.7105263157894737	0.3703703703703703	0.0	0.5997023809523809	0.4981481481481481	0.9328124999999999	0.4375	0.7272727272727273	0.32653061224489793
0	FluSurv-NET	65+ yr	Overall	ridge_with_ed	seasonal_naive	4	train_quantile_0.95	18.150000000000002	49	0.2857142857142857	0.16326530612244897	0.14285714285714285	0.8285714285714286	0.25	0.7073170731707317	0.18181818181818182	0.0	0.2849999999999999	0.618125	0.9597222222222221	0.35714285714285715	0.7714285714285715	0.2653061224489796
0	FluSurv-NET	65+ yr	Overall	ridge_with_signals	seasonal_naive	1	train_quantile_0.85	11.075	52	0.38461538461538464	0.3269230769230769	0.8	0.96875	0.9411764705882353	0.8857142857142857	0.8648648648648648	0.6093548387096774	0.9380291005291005	0.9203177257525084	1.0	0.5	0.78125	0.3269230769230769
0	FluSurv-NET	65+ yr	Overall	ridge_with_signals	seasonal_naive	1	train_quantile_0.90	14.25	52	0.3076923076923077	0.25	0.8125	1.0	1.0	0.9230769230769231	0.896551724137931	0.5828947368421052	1.0	1.0	1.0	0.4375	0.75	0.3076923076923077
0	FluSurv-NET	65+ yr	Overall	ridge_with_signals	seasonal_naive	1	train_quantile_0.95	18.150000000000002	52	0.2692307692307692	0.21153846153846154	0.6428571428571429	0.9473684210526315	0.8181818181818182	0.8780487804878049	0.7200000000000001	0.4212121212121212	0.8516666666666666	0.8533333333333334	1.0	0.35714285714285715	0.7894736842105263	0.25
0	FluSurv-NET	65+ yr	Overall	ridge_with_signals	seasonal_naive	2	train_quantile_0.85	11.075	51	0.39215686274509803	0.3137254901960784	0.75	0.967741935483871	0.9375	0.8571428571428571	0.8333333333333334	0.5135897435897436	0.9274999999999999	0.8754201680672269	1.0	0.5	0.7741935483870968	0.3333333333333333
0	FluSurv-NET	65+ yr	Overall	ridge_with_signals	seasonal_naive	2	train_quantile_0.90	14.25	51	0.3137254901960784	0.23529411764705882	0.625	0.9428571428571428	0.8333333333333334	0.8461538461538461	0.7142857142857143	0.4949074074074074	0.9473684210526315	0.8471153846153846	1.0	0.4375	0.7428571428571429	0.3137254901960784
0	FluSurv-NET	65+ yr	Overall	ridge_with_signals	seasonal_naive	2	train_quantile_0.95	18.150000000000002	51	0.27450980392156865	0.19607843137254902	0.5	0.918918918918919	0.7	0.8292682926829268	0.5833333333333334	0.28414285714285714	0.7912499999999998	0.8046774193548387	0.9827380952380952	0.35714285714285715	0.7837837837837838	0.2549019607843137
0	FluSurv-NET	65+ yr	Overall	ridge_with_signals	seasonal_naive	3	train_quantile_0.85	11.075	50	0.4	0.28	0.65	0.9666666666666667	0.9285714285714286	0.8055555555555556	0.7647058823529412	0.4365476190476191	0.81375	0.8801587301587301	1.0	0.5	0.7666666666666667	0.34
0	FluSurv-NET	65+ yr	Overall	ridge_with_signals	seasonal_naive	3	train_quantile_0.90	14.25	50	0.32	0.22	0.5	0.9117647058823529	0.7272727272727273	0.7948717948717948	0.5925925925925926	0.18846153846153849	0.7098039215686271	0.8304142441860466	1.0	0.4375	0.7352941176470589	0.32
0	FluSurv-NET	65+ yr	Overall	ridge_with_signals	seasonal_naive	3	train_quantile_0.95	18.150000000000002	50	0.28	0.16	0.2857142857142857	0.8888888888888888	0.5	0.7619047619047619	0.36363636363636365	0.0	0.4183333333333333	0.7742820512820513	0.9741071428571428	0.35714285714285715	0.7777777777777778	0.26
0	FluSurv-NET	65+ yr	Overall	ridge_with_signals	seasonal_naive	4	train_quantile_0.85	11.075	49	0.40816326530612246	0.22448979591836735	0.5	0.9655172413793104	0.9090909090909091	0.7368421052631579	0.6451612903225806	0.16094117647058825	0.8080827067669172	0.8317307692307692	1.0	0.5	0.7586206896551724	0.3469387755102041
0	FluSurv-NET	65+ yr	Overall	ridge_with_signals	seasonal_naive	4	train_quantile_0.90	14.25	49	0.32653061224489793	0.16326530612244897	0.3125	0.9090909090909091	0.625	0.7317073170731707	0.4166666666666667	0.14023809523809525	0.4842391304347826	0.7212365591397849	1.0	0.4375	0.7272727272727273	0.32653061224489793
0	FluSurv-NET	65+ yr	Overall	ridge_with_signals	seasonal_naive	4	train_quantile_0.95	18.150000000000002	49	0.2857142857142857	0.10204081632653061	0.07142857142857142	0.8857142857142857	0.2	0.7045454545454546	0.10526315789473682	0.0	0.14117132867132864	0.747172619047619	1.0	0.35714285714285715	0.7714285714285715	0.2653061224489796
0	FluSurv-NET	65+ yr	Overall	ridge_with_signals_plus_ed	seasonal_naive	1	train_quantile_0.85	11.075	52	0.38461538461538464	0.38461538461538464	0.85	0.90625	0.85	0.90625	0.85	0.6214814814814815	0.9697916666666666	0.793888888888889	0.9823170731707317	0.5	0.78125	0.3269230769230769
0	FluSurv-NET	65+ yr	Overall	ridge_with_signals_plus_ed	seasonal_naive	1	train_quantile_0.90	14.25	52	0.3076923076923077	0.3076923076923077	0.875	0.9444444444444444	0.875	0.9444444444444444	0.875	0.6361111111111111	1.0	0.7537903225806452	1.0	0.4375	0.75	0.3076923076923077
0	FluSurv-NET	65+ yr	Overall	ridge_with_signals_plus_ed	seasonal_naive	1	train_quantile_0.95	18.150000000000002	52	0.2692307692307692	0.25	0.7142857142857143	0.9210526315789473	0.7692307692307693	0.8974358974358975	0.7407407407407408	0.5213235294117647	1.0	0.7711587436332767	0.9730357142857142	0.35714285714285715	0.7894736842105263	0.25
0	FluSurv-NET	65+ yr	Overall	ridge_with_signals_plus_ed	seasonal_naive	2	train_quantile_0.85	11.075	51	0.39215686274509803	0.35294117647058826	0.7	0.8709677419354839	0.7777777777777778	0.8181818181818182	0.7368421052631577	0.5242857142857142	0.8214635854341736	0.6263636363636363	0.9731481481481481	0.5	0.7741935483870968	0.3333333333333333
0	FluSurv-NET	65+ yr	Overall	ridge_with_signals_plus_ed	seasonal_naive	2	train_quantile_0.90	14.25	51	0.3137254901960784	0.27450980392156865	0.6875	0.9142857142857143	0.7857142857142857	0.8648648648648649	0.7333333333333334	0.35059523809523807	0.9395833333333332	0.8	0.9615172413793103	0.4375	0.7428571428571429	0.3137254901960784
0	FluSurv-NET	65+ yr	Overall	ridge_with_signals_plus_ed	seasonal_naive	2	train_quantile_0.95	18.150000000000002	51	0.27450980392156865	0.19607843137254902	0.42857142857142855	0.8918918918918919	0.6	0.8048780487804879	0.5	0.16730769230769232	0.724908088235294	0.690625	1.0	0.35714285714285715	0.7837837837837838	0.2549019607843137
0	FluSurv-NET	65+ yr	Overall	ridge_with_signals_plus_ed	seasonal_naive	3	train_quantile_0.85	11.075	50	0.4	0.28	0.6	0.9333333333333333	0.8571428571428571	0.7777777777777778	0.7058823529411764	0.3307453416149068	0.9618421052631578	0.8534598214285714	1.0	0.5	0.7666666666666667	0.34
0	FluSurv-NET	65+ yr	Overall	ridge_with_signals_plus_ed	seasonal_naive	3	train_quantile_0.90	14.25	50	0.32	0.22	0.4375	0.8823529411764706	0.6363636363636364	0.7692307692307693	0.5185185185185185	0.25425101214574897	0.6294871794871795	0.7316025641025641	0.949009324009324	0.4375	0.7352941176470589	0.32
0	FluSurv-NET	65+ yr	Overall	ridge_with_signals_plus_ed	seasonal_naive	3	train_quantile_0.95	18.150000000000002	50	0.28	0.12	0.14285714285714285	0.8888888888888888	0.3333333333333333	0.7272727272727273	0.2	0.0	0.25	0.6529411764705882	0.97734375	0.35714285714285715	0.7777777777777778	0.26
0	FluSurv-NET	65+ yr	Overall	ridge_with_signals_plus_ed	seasonal_naive	4	train_quantile_0.85	11.075	49	0.40816326530612246	0.1836734693877551	0.4	0.9655172413793104	0.8888888888888888	0.7	0.5517241379310346	0.18842105263157896	0.5914705882352941	0.8736111111111111	1.0	0.5	0.7586206896551724	0.3469387755102041
0	FluSurv-NET	65+ yr	Overall	ridge_with_signals_plus_ed	seasonal_naive	4	train_quantile_0.90	14.25	49	0.32653061224489793	0.12244897959183673	0.1875	0.9090909090909091	0.5	0.6976744186046512	0.2727272727272727	0.0	0.3419999999999999	0.6435483870967742	1.0	0.4375	0.7272727272727273	0.32653061224489793
0	FluSurv-NET	65+ yr	Overall	ridge_with_signals_plus_ed	seasonal_naive	4	train_quantile_0.95	18.150000000000002	49	0.2857142857142857	0.061224489795918366	0.0	0.9142857142857143	0.0	0.6956521739130435		0.0	0.0	0.6737745098039216	1.0	0.35714285714285715	0.7714285714285715	0.2653061224489796
0	FluSurv-NET	65+ yr	Overall	ridge_with_signals_plus_flu_pos	seasonal_naive	1	train_quantile_0.85	11.075	52	0.38461538461538464	0.40384615384615385	0.85	0.875	0.8095238095238095	0.9032258064516129	0.8292682926829269	0.660752688172043	1.0	0.6885714285714286	0.97734375	0.5	0.78125	0.3269230769230769
0	FluSurv-NET	65+ yr	Overall	ridge_with_signals_plus_flu_pos	seasonal_naive	1	train_quantile_0.90	14.25	52	0.3076923076923077	0.3076923076923077	0.8125	0.9166666666666666	0.8125	0.9166666666666666	0.8125	0.6525641025641026	0.9597222222222221	0.8057291666666666	1.0	0.4375	0.75	0.3076923076923077
0	FluSurv-NET	65+ yr	Overall	ridge_with_signals_plus_flu_pos	seasonal_naive	1	train_quantile_0.95	18.150000000000002	52	0.2692307692307692	0.23076923076923078	0.7142857142857143	0.9473684210526315	0.8333333333333334	0.9	0.7692307692307692	0.5321428571428571	0.9516666666666665	0.8504136029411764	1.0	0.35714285714285715	0.7894736842105263	0.25
0	FluSurv-NET	65+ yr	Overall	ridge_with_signals_plus_flu_pos	seasonal_naive	2	train_quantile_0.85	11.075	51	0.39215686274509803	0.35294117647058826	0.7	0.8709677419354839	0.7777777777777778	0.8181818181818182	0.7368421052631577	0.380448717948718	0.8761363636363636	0.6962475633528264	1.0	0.5	0.7741935483870968	0.3333333333333333
0	FluSurv-NET	65+ yr	Overall	ridge_with_signals_plus_flu_pos	seasonal_naive	2	train_quantile_0.90	14.25	51	0.3137254901960784	0.2549019607843137	0.625	0.9142857142857143	0.7692307692307693	0.8421052631578947	0.6896551724137931	0.39829545454545456	0.8841503267973856	0.7939903846153846	0.961070460704607	0.4375	0.7428571428571429	0.3137254901960784
0	FluSurv-NET	65+ yr	Overall	ridge_with_signals_plus_flu_pos	seasonal_naive	2	train_quantile_0.95	18.150000000000002	51	0.27450980392156865	0.17647058823529413	0.35714285714285715	0.8918918918918919	0.5555555555555556	0.7857142857142857	0.43478260869565216	0.1842857142857143	0.7363636363636359	0.6924789915966387	0.9767441860465116	0.35714285714285715	0.7837837837837838	0.2549019607843137
0	FluSurv-NET	65+ yr	Overall	ridge_with_signals_plus_flu_pos	seasonal_naive	3	train_quantile_0.85	11.075	50	0.4	0.28	0.65	0.9666666666666667	0.9285714285714286	0.8055555555555556	0.7647058823529412	0.3816666666666667	0.9111742424242424	0.889968487394958	1.0	0.5	0.7666666666666667	0.34
0	FluSurv-NET	65+ yr	Overall	ridge_with_signals_plus_flu_pos	seasonal_naive	3	train_quantile_0.90	14.25	50	0.32	0.2	0.4375	0.9117647058823529	0.7	0.775	0.5384615384615384	0.2003968253968254	0.6393048128342246	0.7966666666666667	1.0	0.4375	0.7352941176470589	0.32
0	FluSurv-NET	65+ yr	Overall	ridge_with_signals_plus_flu_pos	seasonal_naive	3	train_quantile_0.95	18.150000000000002	50	0.28	0.18	0.2857142857142857	0.8611111111111112	0.4444444444444444	0.7560975609756098	0.34782608695652173	0.14285714285714285	0.5792857142857142	0.6937903225806451	0.9660189075630252	0.35714285714285715	0.7777777777777778	0.26
0	FluSurv-NET	65+ yr	Overall	ridge_with_signals_plus_flu_pos	seasonal_naive	4	train_quantile_0.85	11.075	49	0.40816326530612246	0.1836734693877551	0.4	0.9655172413793104	0.8888888888888888	0.7	0.5517241379310346	0.17377450980392156	0.6228991596638653	0.8809523809523809	1.0	0.5	0.7586206896551724	0.3469387755102041
0	FluSurv-NET	65+ yr	Overall	ridge_with_signals_plus_flu_pos	seasonal_naive	4	train_quantile_0.90	14.25	49	0.32653061224489793	0.12244897959183673	0.1875	0.9090909090909091	0.5	0.6976744186046512	0.2727272727272727	0.0	0.5458333333333331	0.7413248337028825	1.0	0.4375	0.7272727272727273	0.32653061224489793
0	FluSurv-NET	65+ yr	Overall	ridge_with_signals_plus_flu_pos	seasonal_naive	4	train_quantile_0.95	18.150000000000002	49	0.2857142857142857	0.061224489795918366	0.0	0.9142857142857143	0.0	0.6956521739130435		0.0	0.0	0.7732488479262672	1.0	0.35714285714285715	0.7714285714285715	0.2653061224489796
0	FluSurv-NET	65+ yr	Overall	ridge_with_signals_plus_flu_pos_plus_ed	seasonal_naive	1	train_quantile_0.85	11.075	52	0.38461538461538464	0.40384615384615385	0.85	0.875	0.8095238095238095	0.9032258064516129	0.8292682926829269	0.7149154589371981	0.9741071428571428	0.716421568627451	1.0	0.5	0.78125	0.3269230769230769
0	FluSurv-NET	65+ yr	Overall	ridge_with_signals_plus_flu_pos_plus_ed	seasonal_naive	1	train_quantile_0.90	14.25	52	0.3076923076923077	0.3076923076923077	0.8125	0.9166666666666666	0.8125	0.9166666666666666	0.8125	0.6333333333333333	0.9573529411764705	0.741891891891892	1.0	0.4375	0.75	0.3076923076923077
0	FluSurv-NET	65+ yr	Overall	ridge_with_signals_plus_flu_pos_plus_ed	seasonal_naive	1	train_quantile_0.95	18.150000000000002	52	0.2692307692307692	0.23076923076923078	0.7142857142857143	0.9473684210526315	0.8333333333333334	0.9	0.7692307692307692	0.5	1.0	0.8464285714285714	1.0	0.35714285714285715	0.7894736842105263	0.25
0	FluSurv-NET	65+ yr	Overall	ridge_with_signals_plus_flu_pos_plus_ed	seasonal_naive	2	train_quantile_0.85	11.075	51	0.39215686274509803	0.35294117647058826	0.7	0.8709677419354839	0.7777777777777778	0.8181818181818182	0.7368421052631577	0.5172619047619048	0.8568749999999999	0.7426666666666667	1.0	0.5	0.7741935483870968	0.3333333333333333
0	FluSurv-NET	65+ yr	Overall	ridge_with_signals_plus_flu_pos_plus_ed	seasonal_naive	2	train_quantile_0.90	14.25	51	0.3137254901960784	0.2549019607843137	0.625	0.9142857142857143	0.7692307692307693	0.8421052631578947	0.6896551724137931	0.39760869565217394	0.856578947368421	0.7835769230769231	0.975	0.4375	0.7428571428571429	0.3137254901960784
0	FluSurv-NET	65+ yr	Overall	ridge_with_signals_plus_flu_pos_plus_ed	seasonal_naive	2	train_quantile_0.95	18.150000000000002	51	0.27450980392156865	0.17647058823529413	0.35714285714285715	0.8918918918918919	0.5555555555555556	0.7857142857142857	0.43478260869565216	0.09062500000000001	0.5792857142857142	0.7566850594227504	1.0	0.35714285714285715	0.7837837837837838	0.2549019607843137
0	FluSurv-NET	65+ yr	Overall	ridge_with_signals_plus_flu_pos_plus_ed	seasonal_naive	3	train_quantile_0.85	11.075	50	0.4	0.28	0.65	0.9666666666666667	0.9285714285714286	0.8055555555555556	0.7647058823529412	0.4122762148337596	0.8658730158730158	0.8932692307692308	1.0	0.5	0.7666666666666667	0.34
0	FluSurv-NET	65+ yr	Overall	ridge_with_signals_plus_flu_pos_plus_ed	seasonal_naive	3	train_quantile_0.90	14.25	50	0.32	0.2	0.4375	0.9117647058823529	0.7	0.775	0.5384615384615384	0.11153846153846156	0.6099999999999999	0.7886206896551724	0.9684782608695652	0.4375	0.7352941176470589	0.32
0	FluSurv-NET	65+ yr	Overall	ridge_with_signals_plus_flu_pos_plus_ed	seasonal_naive	3	train_quantile_0.95	18.150000000000002	50	0.28	0.18	0.2857142857142857	0.8611111111111112	0.4444444444444444	0.7560975609756098	0.34782608695652173	0.11177884615384616	0.5861111111111109	0.7328216374269005	1.0	0.35714285714285715	0.7777777777777778	0.26
0	FluSurv-NET	65+ yr	Overall	ridge_with_signals_plus_flu_pos_plus_ed	seasonal_naive	4	train_quantile_0.85	11.075	49	0.40816326530612246	0.1836734693877551	0.4	0.9655172413793104	0.8888888888888888	0.7	0.5517241379310346	0.09923245614035087	0.6363095238095238	0.8381666666666666	1.0	0.5	0.7586206896551724	0.3469387755102041
0	FluSurv-NET	65+ yr	Overall	ridge_with_signals_plus_flu_pos_plus_ed	seasonal_naive	4	train_quantile_0.90	14.25	49	0.32653061224489793	0.12244897959183673	0.1875	0.9090909090909091	0.5	0.6976744186046512	0.2727272727272727	0.045312500000000006	0.3387254901960784	0.7584649122807018	1.0	0.4375	0.7272727272727273	0.32653061224489793
0	FluSurv-NET	65+ yr	Overall	ridge_with_signals_plus_flu_pos_plus_ed	seasonal_naive	4	train_quantile_0.95	18.150000000000002	49	0.2857142857142857	0.061224489795918366	0.0	0.9142857142857143	0.0	0.6956521739130435		0.0	0.0	0.7858058608058608	1.0	0.35714285714285715	0.7714285714285715	0.2653061224489796
0	RSV-NET	65+ yr	Overall	seasonal_naive	seasonal_naive	1	train_quantile_0.85	2.5	59	0.3559322033898305	0.3220338983050847	0.7619047619047619	0.9210526315789473	0.8421052631578947	0.875	0.8	0.30208333333333337	1.0	0.8276315789473684	1.0	0.7619047619047619	0.9210526315789473	0.3220338983050847
0	RSV-NET	65+ yr	Overall	seasonal_naive	seasonal_naive	1	train_quantile_0.90	3.4	59	0.3050847457627119	0.288135593220339	0.7777777777777778	0.926829268292683	0.8235294117647058	0.9047619047619048	0.7999999999999999	0.18125000000000002	1.0	0.6896577380952381	1.0	0.7777777777777778	0.926829268292683	0.288135593220339
0	RSV-NET	65+ yr	Overall	seasonal_naive	seasonal_naive	1	train_quantile_0.95	5.079999999999996	59	0.13559322033898305	0.13559322033898305	0.375	0.9019607843137255	0.375	0.9019607843137255	0.375			0.7848619846261355	1.0	0.375	0.9019607843137255	0.13559322033898305
0	RSV-NET	65+ yr	Overall	seasonal_naive	seasonal_naive	2	train_quantile_0.85	2.5	58	0.3448275862068966	0.3103448275862069	0.75	0.9210526315789473	0.8333333333333334	0.875	0.7894736842105262	0.25892857142857145	1.0	0.7781116642958749	1.0	0.75	0.9210526315789473	0.3103448275862069
0	RSV-NET	65+ yr	Overall	seasonal_naive	seasonal_naive	2	train_quantile_0.90	3.4	58	0.29310344827586204	0.27586206896551724	0.7647058823529411	0.926829268292683	0.8125	0.9047619047619048	0.787878787878788	0.3475961538461539	1.0	0.8176716141001855	1.0	0.7647058823529411	0.926829268292683	0.27586206896551724
0	RSV-NET	65+ yr	Overall	seasonal_naive	seasonal_naive	2	train_quantile_0.95	5.079999999999996	58	0.1206896551724138	0.13793103448275862	0.42857142857142855	0.9019607843137255	0.375	0.92	0.39999999999999997			0.8431372549019608	1.0	0.42857142857142855	0.9019607843137255	0.13793103448275862
0	RSV-NET	65+ yr	Overall	seasonal_naive	seasonal_naive	3	train_quantile_0.85	2.5	57	0.3333333333333333	0.2982456140350877	0.7368421052631579	0.9210526315789473	0.8235294117647058	0.875	0.7777777777777778	0.39829545454545456	1.0	0.7826315789473685	1.0	0.7368421052631579	0.9210526315789473	0.2982456140350877
0	RSV-NET	65+ yr	Overall	seasonal_naive	seasonal_naive	3	train_quantile_0.90	3.4	57	0.2807017543859649	0.2631578947368421	0.75	0.926829268292683	0.8	0.9047619047619048	0.7741935483870969	0.18125000000000002	1.0	0.8040051679586563	1.0	0.75	0.926829268292683	0.2631578947368421
0	RSV-NET	65+ yr	Overall	seasonal_naive	seasonal_naive	3	train_quantile_0.95	5.079999999999996	57	0.10526315789473684	0.14035087719298245	0.5	0.9019607843137255	0.375	0.9387755102040817	0.42857142857142855	0.0	1.0	0.7664886039886041	0.986574074074074	0.5	0.9019607843137255	0.14035087719298245
0	RSV-NET	65+ yr	Overall	seasonal_naive	seasonal_naive	4	train_quantile_0.85	2.5	56	0.32142857142857145	0.2857142857142857	0.7222222222222222	0.9210526315789473	0.8125	0.875	0.7647058823529411			0.7734126984126984	1.0	0.7222222222222222	0.9210526315789473	0.2857142857142857
0	RSV-NET	65+ yr	Overall	seasonal_naive	seasonal_naive	4	train_quantile_0.90	3.4	56	0.26785714285714285	0.25	0.7333333333333333	0.926829268292683	0.7857142857142857	0.9047619047619048	0.7586206896551724	0.0	1.0	0.7801480051480052	1.0	0.7333333333333333	0.926829268292683	0.25
0	RSV-NET	65+ yr	Overall	seasonal_naive	seasonal_naive	4	train_quantile_0.95	5.079999999999996	56	0.08928571428571429	0.14285714285714285	0.6	0.9019607843137255	0.375	0.9583333333333334	0.4615384615384615			0.759313725490196	0.9670227920227921	0.6	0.9019607843137255	0.14285714285714285
0	RSV-NET	65+ yr	Overall	ridge_univariate	seasonal_naive	1	train_quantile_0.85	2.5	59	0.3559322033898305	0.3220338983050847	0.9047619047619048	1.0	1.0	0.95	0.9500000000000001	0.5912142857142858	1.0	1.0	1.0	0.7619047619047619	0.9210526315789473	0.3220338983050847
0	RSV-NET	65+ yr	Overall	ridge_univariate	seasonal_naive	1	train_quantile_0.90	3.4	59	0.3050847457627119	0.288135593220339	0.8888888888888888	0.975609756097561	0.9411764705882353	0.9523809523809523	0.9142857142857143	0.7302777777777777	1.0	0.8662878787878788	1.0	0.7777777777777778	0.926829268292683	0.288135593220339
0	RSV-NET	65+ yr	Overall	ridge_univariate	seasonal_naive	1	train_quantile_0.95	5.079999999999996	59	0.13559322033898305	0.1016949152542373	0.375	0.9411764705882353	0.5	0.9056603773584906	0.42857142857142855			0.9241291727140784	1.0	0.375	0.9019607843137255	0.13559322033898305
0	RSV-NET	65+ yr	Overall	ridge_univariate	seasonal_naive	2	train_quantile_0.85	2.5	58	0.3448275862068966	0.3103448275862069	0.85	0.9736842105263158	0.9444444444444444	0.925	0.8947368421052632	0.5618125	1.0	0.9090909090909091	1.0	0.75	0.9210526315789473	0.3103448275862069
0	RSV-NET	65+ yr	Overall	ridge_univariate	seasonal_naive	2	train_quantile_0.90	3.4	58	0.29310344827586204	0.22413793103448276	0.7647058823529411	1.0	1.0	0.9111111111111111	0.8666666666666666	0.5241666666666667	1.0	1.0	1.0	0.7647058823529411	0.926829268292683	0.27586206896551724
0	RSV-NET	65+ yr	Overall	ridge_univariate	seasonal_naive	2	train_quantile_0.95	5.079999999999996	58	0.1206896551724138	0.034482758620689655	0.0	0.9607843137254902	0.0	0.875				0.937393636699963	1.0	0.42857142857142855	0.9019607843137255	0.13793103448275862
0	RSV-NET	65+ yr	Overall	ridge_univariate	seasonal_naive	3	train_quantile_0.85	2.5	57	0.3333333333333333	0.2807017543859649	0.7894736842105263	0.9736842105263158	0.9375	0.9024390243902439	0.8571428571428572	0.43222222222222223	1.0	0.926239224137931	1.0	0.7368421052631579	0.9210526315789473	0.2982456140350877
0	RSV-NET	65+ yr	Overall	ridge_univariate	seasonal_naive	3	train_quantile_0.90	3.4	57	0.2807017543859649	0.14035087719298245	0.5	1.0	1.0	0.8367346938775511	0.6666666666666666	0.3333333333333333	0.8964285714285712	1.0	1.0	0.75	0.926829268292683	0.2631578947368421
0	RSV-NET	65+ yr	Overall	ridge_univariate	seasonal_naive	3	train_quantile_0.95	5.079999999999996	57	0.10526315789473684	0.017543859649122806	0.0	0.9803921568627451	0.0	0.8928571428571429				0.9387755102040817	1.0	0.5	0.9019607843137255	0.14035087719298245
0	RSV-NET	65+ yr	Overall	ridge_univariate	seasonal_naive	4	train_quantile_0.85	2.5	56	0.32142857142857145	0.19642857142857142	0.6111111111111112	1.0	1.0	0.8444444444444444	0.7586206896551725	0.17058823529411765	0.914705882352941	1.0	1.0	0.7222222222222222	0.9210526315789473	0.2857142857142857
0	RSV-NET	65+ yr	Overall	ridge_univariate	seasonal_naive	4	train_quantile_0.90	3.4	56	0.26785714285714285	0.08928571428571429	0.3333333333333333	1.0	1.0	0.803921568627451	0.5	0.0	0.5558928571428572	1.0	1.0	0.7333333333333333	0.926829268292683	0.25
0	RSV-NET	65+ yr	Overall	ridge_univariate	seasonal_naive	4	train_quantile_0.95	5.079999999999996	56	0.08928571428571429	0.017857142857142856	0.0	0.9803921568627451	0.0	0.9090909090909091				0.9317234042553192	1.0	0.6	0.9019607843137255	0.14285714285714285
0	RSV-NET	65+ yr	Overall	ridge_with_ed	seasonal_naive	1	train_quantile_0.85	2.5	59	0.3559322033898305	0.3389830508474576	0.9523809523809523	1.0	1.0	0.9743589743589743	0.975609756097561	0.8	1.0	1.0	1.0	0.7619047619047619	0.9210526315789473	0.3220338983050847
0	RSV-NET	65+ yr	Overall	ridge_with_ed	seasonal_naive	1	train_quantile_0.90	3.4	59	0.3050847457627119	0.2542372881355932	0.8333333333333334	1.0	1.0	0.9318181818181818	0.9090909090909091	0.31770833333333337	1.0	1.0	1.0	0.7777777777777778	0.926829268292683	0.288135593220339
0	RSV-NET	65+ yr	Overall	ridge_with_ed	seasonal_naive	1	train_quantile_0.95	5.079999999999996	59	0.13559322033898305	0.06779661016949153	0.25	0.9607843137254902	0.5	0.8909090909090909	0.3333333333333333	0.0	0.25	0.9462091503267974	1.0	0.375	0.9019607843137255	0.13559322033898305
0	RSV-NET	65+ yr	Overall	ridge_with_ed	seasonal_naive	2	train_quantile_0.85	2.5	58	0.3448275862068966	0.3103448275862069	0.9	1.0	1.0	0.95	0.9473684210526316	0.585	1.0	1.0	1.0	0.75	0.9210526315789473	0.3103448275862069
0	RSV-NET	65+ yr	Overall	ridge_with_ed	seasonal_naive	2	train_quantile_0.90	3.4	58	0.29310344827586204	0.1896551724137931	0.6470588235294118	1.0	1.0	0.8723404255319149	0.7857142857142858	0.2621428571428571	0.8352272727272724	1.0	1.0	0.7647058823529411	0.926829268292683	0.27586206896551724
0	RSV-NET	65+ yr	Overall	ridge_with_ed	seasonal_naive	2	train_quantile_0.95	5.079999999999996	58	0.1206896551724138	0.034482758620689655	0.0	0.9607843137254902	0.0	0.875				0.9413363422291994	1.0	0.42857142857142855	0.9019607843137255	0.13793103448275862
0	RSV-NET	65+ yr	Overall	ridge_with_ed	seasonal_naive	3	train_quantile_0.85	2.5	57	0.3333333333333333	0.24561403508771928	0.7368421052631579	1.0	1.0	0.8837209302325582	0.8484848484848484	0.53625	0.934090909090909	1.0	1.0	0.7368421052631579	0.9210526315789473	0.2982456140350877
0	RSV-NET	65+ yr	Overall	ridge_with_ed	seasonal_naive	3	train_quantile_0.90	3.4	57	0.2807017543859649	0.14035087719298245	0.5	1.0	1.0	0.8367346938775511	0.6666666666666666	0.19772727272727275	0.8333333333333334	1.0	1.0	0.75	0.926829268292683	0.2631578947368421
0	RSV-NET	65+ yr	Overall	ridge_with_ed	seasonal_naive	3	train_quantile_0.95	5.079999999999996	57	0.10526315789473684	0.017543859649122806	0.0	0.9803921568627451	0.0	0.8928571428571429				0.9408529411764706	1.0	0.5	0.9019607843137255	0.14035087719298245
0	RSV-NET	65+ yr	Overall	ridge_with_ed	seasonal_naive	4	train_quantile_0.85	2.5	56	0.32142857142857145	0.19642857142857142	0.6111111111111112	1.0	1.0	0.8444444444444444	0.7586206896551725	0.0	0.8791666666666664	1.0	1.0	0.7222222222222222	0.9210526315789473	0.2857142857142857
0	RSV-NET	65+ yr	Overall	ridge_with_ed	seasonal_naive	4	train_quantile_0.90	3.4	56	0.26785714285714285	0.08928571428571429	0.3333333333333333	1.0	1.0	0.803921568627451	0.5	0.15318627450980393	0.5874999999999996	1.0	1.0	0.7333333333333333	0.926829268292683	0.25
0	RSV-NET	65+ yr	Overall	ridge_with_ed	seasonal_naive	4	train_quantile_0.95	5.079999999999996	56	0.08928571428571429	0.017857142857142856	0.0	0.9803921568627451	0.0	0.9090909090909091				0.9578351449275363	1.0	0.6	0.9019607843137255	0.14285714285714285
4	FluSurv-NET	65+ yr	Overall	seasonal_naive	seasonal_naive	1	train_quantile_0.85	11.414999999999994	50	0.4	0.26	0.5	0.9	0.7692307692307693	0.7297297297297297	0.6060606060606061	0.18771008403361344	0.7446190476190475	0.8192592592592592	1.0	0.5	0.9	0.26
4	FluSurv-NET	65+ yr	Overall	seasonal_naive	seasonal_naive	1	train_quantile_0.90	14.290000000000001	50	0.32	0.24	0.4375	0.8529411764705882	0.5833333333333334	0.7631578947368421	0.5	0.060416666666666674	0.817142857142857	0.7401785714285715	1.0	0.4375	0.8529411764705882	0.24
4	FluSurv-NET	65+ yr	Overall	seasonal_naive	seasonal_naive	1	train_quantile_0.95	18.189999999999998	50	0.28	0.2	0.35714285714285715	0.8611111111111112	0.5	0.775	0.41666666666666663	0.15	0.7379166666666666	0.6184722222222223	1.0	0.35714285714285715	0.8611111111111112	0.2
4	FluSurv-NET	65+ yr	Overall	seasonal_naive	seasonal_naive	2	train_quantile_0.85	11.414999999999994	49	0.40816326530612246	0.2653061224489796	0.5	0.896551724137931	0.7692307692307693	0.7222222222222222	0.6060606060606061	0.26647727272727273	0.7388888888888888	0.7506118881118881	1.0	0.5	0.896551724137931	0.2653061224489796
4	FluSurv-NET	65+ yr	Overall	seasonal_naive	seasonal_naive	2	train_quantile_0.90	14.290000000000001	49	0.32653061224489793	0.24489795918367346	0.4375	0.8484848484848485	0.5833333333333334	0.7567567567567568	0.5	0.06590909090909092	0.8791666666666664	0.6152477477477477	1.0	0.4375	0.8484848484848485	0.24489795918367346
4	FluSurv-NET	65+ yr	Overall	seasonal_naive	seasonal_naive	2	train_quantile_0.95	18.189999999999998	49	0.2857142857142857	0.20408163265306123	0.35714285714285715	0.8571428571428571	0.5	0.7692307692307693	0.41666666666666663	0.1446195652173913	0.6666666666666666	0.5691666666666667	1.0	0.35714285714285715	0.8571428571428571	0.20408163265306123
4	FluSurv-NET	65+ yr	Overall	seasonal_naive	seasonal_naive	3	train_quantile_0.85	11.414999999999994	48	0.4166666666666667	0.2708333333333333	0.5	0.8928571428571429	0.7692307692307693	0.7142857142857143	0.6060606060606061	0.09673202614379085	0.9546874999999999	0.775062656641604	1.0	0.5	0.8928571428571429	0.2708333333333333
4	FluSurv-NET	65+ yr	Overall	seasonal_naive	seasonal_naive	3	train_quantile_0.90	14.290000000000001	48	0.3333333333333333	0.25	0.4375	0.84375	0.5833333333333334	0.75	0.5	0.15520833333333334	0.7937499999999997	0.7504960317460317	0.9798611111111111	0.4375	0.84375	0.25
4	FluSurv-NET	65+ yr	Overall	seasonal_naive	seasonal_naive	3	train_quantile_0.95	18.189999999999998	48	0.2916666666666667	0.20833333333333334	0.35714285714285715	0.8529411764705882	0.5	0.7631578947368421	0.41666666666666663	0.15318627450980393	0.6494047619047619	0.6971551724137931	1.0	0.35714285714285715	0.8529411764705882	0.20833333333333334
4	FluSurv-NET	65+ yr	Overall	seasonal_naive	seasonal_naive	4	train_quantile_0.85	11.414999999999994	47	0.425531914893617	0.2765957446808511	0.5	0.8888888888888888	0.7692307692307693	0.7058823529411765	0.6060606060606061	0.1771875	0.8791666666666664	0.8068121693121693	1.0	0.5	0.8888888888888888	0.2765957446808511
4	FluSurv-NET	65+ yr	Overall	seasonal_naive	seasonal_naive	4	train_quantile_0.90	14.290000000000001	47	0.3404255319148936	0.2553191489361702	0.4375	0.8387096774193549	0.5833333333333334	0.7428571428571429	0.5	0.18771008403361344	0.6836805555555552	0.5970238095238096	1.0	0.4375	0.8387096774193549	0.2553191489361702
4	FluSurv-NET	65+ yr	Overall	seasonal_naive	seasonal_naive	4	train_quantile_0.95	18.189999999999998	47	0.2978723404255319	0.2127659574468085	0.35714285714285715	0.8484848484848485	0.5	0.7567567567567568	0.41666666666666663	0.04833333333333334	0.8091666666666667	0.6268115942028986	1.0	0.35714285714285715	0.8484848484848485	0.2127659574468085
4	FluSurv-NET	65+ yr	Overall	ridge_univariate	seasonal_naive	1	train_quantile_0.85	11.414999999999994	48	0.4166666666666667	0.3333333333333333	0.8	1.0	1.0	0.875	0.888888888888889	0.5639705882352941	0.9540178571428571	1.0	1.0	0.5	0.8928571428571429	0.2708333333333333
4	FluSurv-NET	65+ yr	Overall	ridge_univariate	seasonal_naive	1	train_quantile_0.90	14.290000000000001	48	0.3333333333333333	0.2916666666666667	0.8125	0.96875	0.9285714285714286	0.9117647058823529	0.8666666666666666	0.6148897058823529	1.0	0.8955357142857143	1.0	0.4375	0.84375	0.25
4	FluSurv-NET	65+ yr	Overall	ridge_univariate	seasonal_naive	1	train_quantile_0.95	18.189999999999998	48	0.2916666666666667	0.25	0.7142857142857143	0.9411764705882353	0.8333333333333334	0.8888888888888888	0.7692307692307692	0.41204545454545455	1.0	0.8455026455026454	1.0	0.35714285714285715	0.8529411764705882	0.20833333333333334
4	FluSurv-NET	65+ yr	Overall	ridge_univariate	seasonal_naive	2	train_quantile_0.85	11.414999999999994	47	0.425531914893617	0.2978723404255319	0.65	0.9629629629629629	0.9285714285714286	0.7878787878787878	0.7647058823529412	0.2505769230769231	0.8495888157894734	0.8454166666666667	1.0	0.5	0.8888888888888888	0.2765957446808511
4	FluSurv-NET	65+ yr	Overall	ridge_univariate	seasonal_naive	2	train_quantile_0.90	14.290000000000001	47	0.3404255319148936	0.2978723404255319	0.6875	0.9032258064516129	0.7857142857142857	0.8484848484848485	0.7333333333333334	0.4552380952380952	0.9274999999999999	0.7745743034055728	1.0	0.4375	0.8387096774193549	0.2553191489361702
4	FluSurv-NET	65+ yr	Overall	ridge_univariate	seasonal_naive	2	train_quantile_0.95	18.189999999999998	47	0.2978723404255319	0.23404255319148937	0.5	0.8787878787878788	0.6363636363636364	0.8055555555555556	0.56	0.24471153846153848	0.7033333333333331	0.7333333333333333	1.0	0.35714285714285715	0.8484848484848485	0.2127659574468085
4	FluSurv-NET	65+ yr	Overall	ridge_univariate	seasonal_naive	3	train_quantile_0.85	11.414999999999994	46	0.43478260869565216	0.30434782608695654	0.6	0.9230769230769231	0.8571428571428571	0.75	0.7058823529411764	0.27589285714285716	0.8724347826086957	0.7740350877192983	1.0	0.5	0.8846153846153846	0.2826086956521739
4	FluSurv-NET	65+ yr	Overall	ridge_univariate	seasonal_naive	3	train_quantile_0.90	14.290000000000001	46	0.34782608695652173	0.2608695652173913	0.5	0.8666666666666667	0.6666666666666666	0.7647058823529411	0.5714285714285715	0.195	1.0	0.6903575989782886	1.0	0.4375	0.8333333333333334	0.2608695652173913
4	FluSurv-NET	65+ yr	Overall	ridge_univariate	seasonal_naive	3	train_quantile_0.95	18.189999999999998	46	0.30434782608695654	0.21739130434782608	0.35714285714285715	0.84375	0.5	0.75	0.41666666666666663	0.0	0.6446969696969697	0.5203928571428571	1.0	0.35714285714285715	0.84375	0.21739130434782608
4	FluSurv-NET	65+ yr	Overall	ridge_univariate	seasonal_naive	4	train_quantile_0.85	11.414999999999994	45	0.4444444444444444	0.28888888888888886	0.5	0.88	0.7692307692307693	0.6875	0.6060606060606061	0.2091711956521739	0.7637499999999999	0.8070707070707072	1.0	0.5	0.88	0.28888888888888886
4	FluSurv-NET	65+ yr	Overall	ridge_univariate	seasonal_naive	4	train_quantile_0.90	14.290000000000001	45	0.35555555555555557	0.2222222222222222	0.3125	0.8275862068965517	0.5	0.6857142857142857	0.38461538461538464	0.0	0.5852083333333331	0.6216733870967742	1.0	0.4375	0.8275862068965517	0.26666666666666666
4	FluSurv-NET	65+ yr	Overall	ridge_univariate	seasonal_naive	4	train_quantile_0.95	18.189999999999998	45	0.3111111111111111	0.17777777777777778	0.21428571428571427	0.8387096774193549	0.375	0.7027027027027027	0.2727272727272727	0.0	0.5	0.6626811594202898	0.9655172413793104	0.35714285714285715	0.8387096774193549	0.2222222222222222
4	FluSurv-NET	65+ yr	Overall	ridge_with_ed	seasonal_naive	1	train_quantile_0.85	11.414999999999994	48	0.4166666666666667	0.3125	0.75	1.0	1.0	0.8484848484848485	0.8571428571428571	0.5711309523809524	0.9157575757575757	1.0	1.0	0.5	0.8928571428571429	0.2708333333333333
4	FluSurv-NET	65+ yr	Overall	ridge_with_ed	seasonal_naive	1	train_quantile_0.90	14.290000000000001	48	0.3333333333333333	0.2916666666666667	0.8125	0.96875	0.9285714285714286	0.9117647058823529	0.8666666666666666	0.6059027777777778	0.9721153846153846	0.9282894736842106	1.0	0.4375	0.84375	0.25
4	FluSurv-NET	65+ yr	Overall	ridge_with_ed	seasonal_naive	1	train_quantile_0.95	18.189999999999998	48	0.2916666666666667	0.25	0.7142857142857143	0.9411764705882353	0.8333333333333334	0.8888888888888888	0.7692307692307692	0.3972222222222222	1.0	0.8408854166666667	1.0	0.35714285714285715	0.8529411764705882	0.20833333333333334
4	FluSurv-NET	65+ yr	Overall	ridge_with_ed	seasonal_naive	2	train_quantile_0.85	11.414999999999994	47	0.425531914893617	0.2978723404255319	0.65	0.9629629629629629	0.9285714285714286	0.7878787878787878	0.7647058823529412	0.3132211538461539	0.9320312499999999	0.8772058823529412	1.0	0.5	0.8888888888888888	0.2765957446808511
4	FluSurv-NET	65+ yr	Overall	ridge_with_ed	seasonal_naive	2	train_quantile_0.90	14.290000000000001	47	0.3404255319148936	0.2765957446808511	0.625	0.9032258064516129	0.7692307692307693	0.8235294117647058	0.6896551724137931	0.2658482142857143	1.0	0.7593333333333333	1.0	0.4375	0.8387096774193549	0.2553191489361702
4	FluSurv-NET	65+ yr	Overall	ridge_with_ed	seasonal_naive	2	train_quantile_0.95	18.189999999999998	47	0.2978723404255319	0.23404255319148937	0.5	0.8787878787878788	0.6363636363636364	0.8055555555555556	0.56	0.0	0.7642361111111109	0.7069444444444444	1.0	0.35714285714285715	0.8484848484848485	0.2127659574468085
4	FluSurv-NET	65+ yr	Overall	ridge_with_ed	seasonal_naive	3	train_quantile_0.85	11.414999999999994	46	0.43478260869565216	0.30434782608695654	0.6	0.9230769230769231	0.8571428571428571	0.75	0.7058823529411764	0.2934436274509804	0.7937169312169311	0.713304347826087	1.0	0.5	0.8846153846153846	0.2826086956521739
4	FluSurv-NET	65+ yr	Overall	ridge_with_ed	seasonal_naive	3	train_quantile_0.90	14.290000000000001	46	0.34782608695652173	0.2391304347826087	0.4375	0.8666666666666667	0.6363636363636364	0.7428571428571429	0.5185185185185185	0.13794642857142858	0.6411713286713286	0.6676290760869565	0.961703431372549	0.4375	0.8333333333333334	0.2608695652173913
4	FluSurv-NET	65+ yr	Overall	ridge_with_ed	seasonal_naive	3	train_quantile_0.95	18.189999999999998	46	0.30434782608695654	0.2391304347826087	0.35714285714285715	0.8125	0.45454545454545453	0.7428571428571429	0.4	0.0	0.5699999999999998	0.596764705882353	0.9681944444444445	0.35714285714285715	0.84375	0.21739130434782608
4	FluSurv-NET	65+ yr	Overall	ridge_with_ed	seasonal_naive	4	train_quantile_0.85	11.414999999999994	45	0.4444444444444444	0.26666666666666666	0.45	0.88	0.75	0.6666666666666666	0.5625000000000001	0.2	0.7753703703703702	0.7342105263157894	1.0	0.5	0.88	0.28888888888888886
4	FluSurv-NET	65+ yr	Overall	ridge_with_ed	seasonal_naive	4	train_quantile_0.90	14.290000000000001	45	0.35555555555555557	0.24444444444444444	0.3125	0.7931034482758621	0.45454545454545453	0.6764705882352942	0.3703703703703703	0.10227777777777777	0.6198380566801619	0.5652777777777778	0.9223571428571429	0.4375	0.8275862068965517	0.26666666666666666
4	FluSurv-NET	65+ yr	Overall	ridge_with_ed	seasonal_naive	4	train_quantile_0.95	18.189999999999998	45	0.3111111111111111	0.17777777777777778	0.14285714285714285	0.8064516129032258	0.25	0.6756756756756757	0.18181818181818182	0.0	0.33766025641025627	0.5978618421052632	0.9421875	0.35714285714285715	0.8387096774193549	0.2222222222222222
4	FluSurv-NET	65+ yr	Overall	ridge_with_signals	seasonal_naive	1	train_quantile_0.85	11.414999999999994	48	0.4166666666666667	0.3333333333333333	0.8	1.0	1.0	0.875	0.888888888888889	0.5725	1.0	1.0	1.0	0.5	0.8928571428571429	0.2708333333333333
4	FluSurv-NET	65+ yr	Overall	ridge_with_signals	seasonal_naive	1	train_quantile_0.90	14.290000000000001	48	0.3333333333333333	0.2708333333333333	0.8125	1.0	1.0	0.9142857142857143	0.896551724137931	0.46826923076923077	1.0	1.0	1.0	0.4375	0.84375	0.25
4	FluSurv-NET	65+ yr	Overall	ridge_with_signals	seasonal_naive	1	train_quantile_0.95	18.189999999999998	48	0.2916666666666667	0.22916666666666666	0.6428571428571429	0.9411764705882353	0.8181818181818182	0.8648648648648649	0.7200000000000001	0.3553030303030303	0.8516666666666666	0.8655862068965517	1.0	0.35714285714285715	0.8529411764705882	0.20833333333333334
4	FluSurv-NET	65+ yr	Overall	ridge_with_signals	seasonal_naive	2	train_quantile_0.85	11.414999999999994	47	0.425531914893617	0.3191489361702128	0.7	0.9629629629629629	0.9333333333333333	0.8125	0.8	0.41547619047619044	0.934090909090909	0.8920161290322581	1.0	0.5	0.8888888888888888	0.2765957446808511
4	FluSurv-NET	65+ yr	Overall	ridge_with_signals	seasonal_naive	2	train_quantile_0.90	14.290000000000001	47	0.3404255319148936	0.2553191489361702	0.625	0.9354838709677419	0.8333333333333334	0.8285714285714286	0.7142857142857143	0.2505639097744361	0.8	0.8269361413043479	0.9827380952380952	0.4375	0.8387096774193549	0.2553191489361702
4	FluSurv-NET	65+ yr	Overall	ridge_with_signals	seasonal_naive	2	train_quantile_0.95	18.189999999999998	47	0.2978723404255319	0.2127659574468085	0.5	0.9090909090909091	0.7	0.8108108108108109	0.5833333333333334	0.15138888888888888	1.0	0.7857142857142857	1.0	0.35714285714285715	0.8484848484848485	0.2127659574468085
4	FluSurv-NET	65+ yr	Overall	ridge_with_signals	seasonal_naive	3	train_quantile_0.85	11.414999999999994	46	0.43478260869565216	0.30434782608695654	0.65	0.9615384615384616	0.9285714285714286	0.78125	0.7647058823529412	0.39221739130434785	0.9442307692307692	0.8620833333333333	1.0	0.5	0.8846153846153846	0.2826086956521739
4	FluSurv-NET	65+ yr	Overall	ridge_with_signals	seasonal_naive	3	train_quantile_0.90	14.290000000000001	46	0.34782608695652173	0.2391304347826087	0.5	0.9	0.7272727272727273	0.7714285714285715	0.5925925925925926	0.19230769230769235	0.7776923076923077	0.7888020833333333	1.0	0.4375	0.8333333333333334	0.2608695652173913
4	FluSurv-NET	65+ yr	Overall	ridge_with_signals	seasonal_naive	3	train_quantile_0.95	18.189999999999998	46	0.30434782608695654	0.17391304347826086	0.2857142857142857	0.875	0.5	0.7368421052631579	0.36363636363636365	0.07250000000000001	0.4516339869281045	0.6811383928571428	0.9731685633001423	0.35714285714285715	0.84375	0.21739130434782608
4	FluSurv-NET	65+ yr	Overall	ridge_with_signals	seasonal_naive	4	train_quantile_0.85	11.414999999999994	45	0.4444444444444444	0.24444444444444444	0.5	0.96	0.9090909090909091	0.7058823529411765	0.6451612903225806	0.23625000000000002	0.7065563725490196	0.9094565217391304	1.0	0.5	0.88	0.28888888888888886
4	FluSurv-NET	65+ yr	Overall	ridge_with_signals	seasonal_naive	4	train_quantile_0.90	14.290000000000001	45	0.35555555555555557	0.17777777777777778	0.3125	0.896551724137931	0.625	0.7027027027027027	0.4166666666666667	0.13412698412698412	0.5737179487179485	0.7325757575757575	1.0	0.4375	0.8275862068965517	0.26666666666666666
4	FluSurv-NET	65+ yr	Overall	ridge_with_signals	seasonal_naive	4	train_quantile_0.95	18.189999999999998	45	0.3111111111111111	0.1111111111111111	0.07142857142857142	0.8709677419354839	0.2	0.675	0.10526315789473682	0.0	0.1545833333333333	0.7470108695652173	0.9786764705882353	0.35714285714285715	0.8387096774193549	0.2222222222222222
4	FluSurv-NET	65+ yr	Overall	ridge_with_signals_plus_ed	seasonal_naive	1	train_quantile_0.85	11.414999999999994	48	0.4166666666666667	0.3958333333333333	0.85	0.9285714285714286	0.8947368421052632	0.896551724137931	0.8717948717948718	0.6717105263157894	0.9721153846153846	0.563888888888889	1.0	0.5	0.8928571428571429	0.2708333333333333
4	FluSurv-NET	65+ yr	Overall	ridge_with_signals_plus_ed	seasonal_naive	1	train_quantile_0.90	14.290000000000001	48	0.3333333333333333	0.3333333333333333	0.875	0.9375	0.875	0.9375	0.875	0.6553571428571429	1.0	0.8620689655172413	1.0	0.4375	0.84375	0.25
4	FluSurv-NET	65+ yr	Overall	ridge_with_signals_plus_ed	seasonal_naive	1	train_quantile_0.95	18.189999999999998	48	0.2916666666666667	0.2708333333333333	0.7142857142857143	0.9117647058823529	0.7692307692307693	0.8857142857142857	0.7407407407407408	0.48942307692307696	0.8491758241758242	0.7760317460317461	1.0	0.35714285714285715	0.8529411764705882	0.20833333333333334
4	FluSurv-NET	65+ yr	Overall	ridge_with_signals_plus_ed	seasonal_naive	2	train_quantile_0.85	11.414999999999994	47	0.425531914893617	0.3617021276595745	0.7	0.8888888888888888	0.8235294117647058	0.8	0.7567567567567567	0.52375	0.8550526315789473	0.6923913043478261	1.0	0.5	0.8888888888888888	0.2765957446808511
4	FluSurv-NET	65+ yr	Overall	ridge_with_signals_plus_ed	seasonal_naive	2	train_quantile_0.90	14.290000000000001	47	0.3404255319148936	0.2978723404255319	0.6875	0.9032258064516129	0.7857142857142857	0.8484848484848485	0.7333333333333334	0.5	0.9184294871794871	0.7900297619047619	1.0	0.4375	0.8387096774193549	0.2553191489361702
4	FluSurv-NET	65+ yr	Overall	ridge_with_signals_plus_ed	seasonal_naive	2	train_quantile_0.95	18.189999999999998	47	0.2978723404255319	0.2127659574468085	0.42857142857142855	0.8787878787878788	0.6	0.7837837837837838	0.5	0.0	0.8549999999999998	0.704264705882353	1.0	0.35714285714285715	0.8484848484848485	0.2127659574468085
4	FluSurv-NET	65+ yr	Overall	ridge_with_signals_plus_ed	seasonal_naive	3	train_quantile_0.85	11.414999999999994	46	0.43478260869565216	0.2826086956521739	0.6	0.9615384615384616	0.9230769230769231	0.7575757575757576	0.7272727272727274	0.3369444444444445	0.7741161616161616	0.8960526315789474	1.0	0.5	0.8846153846153846	0.2826086956521739
4	FluSurv-NET	65+ yr	Overall	ridge_with_signals_plus_ed	seasonal_naive	3	train_quantile_0.90	14.290000000000001	46	0.34782608695652173	0.21739130434782608	0.4375	0.9	0.7	0.75	0.5384615384615384	0.2721638655462185	0.7033333333333331	0.7530228758169935	1.0	0.4375	0.8333333333333334	0.2608695652173913
4	FluSurv-NET	65+ yr	Overall	ridge_with_signals_plus_ed	seasonal_naive	3	train_quantile_0.95	18.189999999999998	46	0.30434782608695654	0.13043478260869565	0.14285714285714285	0.875	0.3333333333333333	0.7	0.2	0.0	0.25897435897435883	0.7416069295101553	1.0	0.35714285714285715	0.84375	0.21739130434782608
4	FluSurv-NET	65+ yr	Overall	ridge_with_signals_plus_ed	seasonal_naive	4	train_quantile_0.85	11.414999999999994	45	0.4444444444444444	0.17777777777777778	0.35	0.96	0.875	0.6486486486486487	0.4999999999999999	0.14591346153846155	0.5325396825396825	0.8575	1.0	0.5	0.88	0.28888888888888886
4	FluSurv-NET	65+ yr	Overall	ridge_with_signals_plus_ed	seasonal_naive	4	train_quantile_0.90	14.290000000000001	45	0.35555555555555557	0.13333333333333333	0.1875	0.896551724137931	0.5	0.6666666666666666	0.2727272727272727	0.04833333333333334	0.34743589743589737	0.7474537037037037	1.0	0.4375	0.8275862068965517	0.26666666666666666
4	FluSurv-NET	65+ yr	Overall	ridge_with_signals_plus_ed	seasonal_naive	4	train_quantile_0.95	18.189999999999998	45	0.3111111111111111	0.06666666666666667	0.0	0.9032258064516129	0.0	0.6666666666666666		0.0	0.0	0.7473913043478262	1.0	0.35714285714285715	0.8387096774193549	0.2222222222222222
4	FluSurv-NET	65+ yr	Overall	ridge_with_signals_plus_flu_pos	seasonal_naive	1	train_quantile_0.85	11.414999999999994	48	0.4166666666666667	0.3958333333333333	0.85	0.9285714285714286	0.8947368421052632	0.896551724137931	0.8717948717948718	0.5695833333333333	1.0	0.7826625386996904	1.0	0.5	0.8928571428571429	0.2708333333333333
4	FluSurv-NET	65+ yr	Overall	ridge_with_signals_plus_flu_pos	seasonal_naive	1	train_quantile_0.90	14.290000000000001	48	0.3333333333333333	0.3125	0.8125	0.9375	0.8666666666666667	0.9090909090909091	0.8387096774193549	0.5725	0.9637499999999999	0.88125	1.0	0.4375	0.84375	0.25
4	FluSurv-NET	65+ yr	Overall	ridge_with_signals_plus_flu_pos	seasonal_naive	1	train_quantile_0.95	18.189999999999998	48	0.2916666666666667	0.25	0.7142857142857143	0.9411764705882353	0.8333333333333334	0.8888888888888888	0.7692307692307692	0.5	0.8770220588235293	0.8448226544622426	0.9823170731707317	0.35714285714285715	0.8529411764705882	0.20833333333333334
4	FluSurv-NET	65+ yr	Overall	ridge_with_signals_plus_flu_pos	seasonal_naive	2	train_quantile_0.85	11.414999999999994	47	0.425531914893617	0.3404255319148936	0.65	0.8888888888888888	0.8125	0.7741935483870968	0.7222222222222223	0.4078525641025641	0.8115789473684211	0.8383653846153846	1.0	0.5	0.8888888888888888	0.2765957446808511
4	FluSurv-NET	65+ yr	Overall	ridge_with_signals_plus_flu_pos	seasonal_naive	2	train_quantile_0.90	14.290000000000001	47	0.3404255319148936	0.2765957446808511	0.625	0.9032258064516129	0.7692307692307693	0.8235294117647058	0.6896551724137931	0.44007936507936507	0.8181818181818182	0.7620833333333333	1.0	0.4375	0.8387096774193549	0.2553191489361702
4	FluSurv-NET	65+ yr	Overall	ridge_with_signals_plus_flu_pos	seasonal_naive	2	train_quantile_0.95	18.189999999999998	47	0.2978723404255319	0.19148936170212766	0.35714285714285715	0.8787878787878788	0.5555555555555556	0.7631578947368421	0.43478260869565216	0.09062500000000001	0.5746527777777777	0.7693984306887532	0.978030303030303	0.35714285714285715	0.8484848484848485	0.2127659574468085
4	FluSurv-NET	65+ yr	Overall	ridge_with_signals_plus_flu_pos	seasonal_naive	3	train_quantile_0.85	11.414999999999994	46	0.43478260869565216	0.30434782608695654	0.65	0.9615384615384616	0.9285714285714286	0.78125	0.7647058823529412	0.3013157894736842	0.7663690476190476	0.8800137362637362	1.0	0.5	0.8846153846153846	0.2826086956521739
4	FluSurv-NET	65+ yr	Overall	ridge_with_signals_plus_flu_pos	seasonal_naive	3	train_quantile_0.90	14.290000000000001	46	0.34782608695652173	0.21739130434782608	0.4375	0.9	0.7	0.75	0.5384615384615384	0.16111111111111112	0.6888392857142853	0.6662907268170426	1.0	0.4375	0.8333333333333334	0.2608695652173913
4	FluSurv-NET	65+ yr	Overall	ridge_with_signals_plus_flu_pos	seasonal_naive	3	train_quantile_0.95	18.189999999999998	46	0.30434782608695654	0.1956521739130435	0.2857142857142857	0.84375	0.4444444444444444	0.7297297297297297	0.34782608695652173	0.16231617647058824	0.6666666666666666	0.5913943355119825	1.0	0.35714285714285715	0.84375	0.21739130434782608
4	FluSurv-NET	65+ yr	Overall	ridge_with_signals_plus_flu_pos	seasonal_naive	4	train_quantile_0.85	11.414999999999994	45	0.4444444444444444	0.17777777777777778	0.35	0.96	0.875	0.6486486486486487	0.4999999999999999	0.04264705882352941	0.5343567251461988	0.9	1.0	0.5	0.88	0.28888888888888886
4	FluSurv-NET	65+ yr	Overall	ridge_with_signals_plus_flu_pos	seasonal_naive	4	train_quantile_0.90	14.290000000000001	45	0.35555555555555557	0.13333333333333333	0.1875	0.896551724137931	0.5	0.6666666666666666	0.2727272727272727	0.09083333333333334	0.45499999999999974	0.716421568627451	1.0	0.4375	0.8275862068965517	0.26666666666666666
4	FluSurv-NET	65+ yr	Overall	ridge_with_signals_plus_flu_pos	seasonal_naive	4	train_quantile_0.95	18.189999999999998	45	0.3111111111111111	0.06666666666666667	0.0	0.9032258064516129	0.0	0.6666666666666666		0.0	0.0	0.7498152709359606	1.0	0.35714285714285715	0.8387096774193549	0.2222222222222222
4	FluSurv-NET	65+ yr	Overall	ridge_with_signals_plus_flu_pos_plus_ed	seasonal_naive	1	train_quantile_0.85	11.414999999999994	48	0.4166666666666667	0.3958333333333333	0.85	0.9285714285714286	0.8947368421052632	0.896551724137931	0.8717948717948718	0.7328125	0.9721153846153846	0.8771304347826087	1.0	0.5	0.8928571428571429	0.2708333333333333
4	FluSurv-NET	65+ yr	Overall	ridge_with_signals_plus_flu_pos_plus_ed	seasonal_naive	1	train_quantile_0.90	14.290000000000001	48	0.3333333333333333	0.3125	0.8125	0.9375	0.8666666666666667	0.9090909090909091	0.8387096774193549	0.6208333333333333	0.9709999999999999	0.829547817047817	1.0	0.4375	0.84375	0.25
4	FluSurv-NET	65+ yr	Overall	ridge_with_signals_plus_flu_pos_plus_ed	seasonal_naive	1	train_quantile_0.95	18.189999999999998	48	0.2916666666666667	0.25	0.7142857142857143	0.9411764705882353	0.8333333333333334	0.8888888888888888	0.7692307692307692	0.5517857142857143	0.8758333333333334	0.8432976973684211	1.0	0.35714285714285715	0.8529411764705882	0.20833333333333334
4	FluSurv-NET	65+ yr	Overall	ridge_with_signals_plus_flu_pos_plus_ed	seasonal_naive	2	train_quantile_0.85	11.414999999999994	47	0.425531914893617	0.3617021276595745	0.7	0.8888888888888888	0.8235294117647058	0.8	0.7567567567567567	0.5059523809523809	0.8379166666666666	0.8475490196078431	1.0	0.5	0.8888888888888888	0.2765957446808511
4	FluSurv-NET	65+ yr	Overall	ridge_with_signals_plus_flu_pos_plus_ed	seasonal_naive	2	train_quantile_0.90	14.290000000000001	47	0.3404255319148936	0.2765957446808511	0.625	0.9032258064516129	0.7692307692307693	0.8235294117647058	0.6896551724137931	0.3225490196078431	0.7404605263157894	0.8103676470588236	1.0	0.4375	0.8387096774193549	0.2553191489361702
4	FluSurv-NET	65+ yr	Overall	ridge_with_signals_plus_flu_pos_plus_ed	seasonal_naive	2	train_quantile_0.95	18.189999999999998	47	0.2978723404255319	0.19148936170212766	0.35714285714285715	0.8787878787878788	0.5555555555555556	0.7631578947368421	0.43478260869565216	0.09062500000000001	0.6737179487179487	0.7016995614035088	1.0	0.35714285714285715	0.8484848484848485	0.2127659574468085
4	FluSurv-NET	65+ yr	Overall	ridge_with_signals_plus_flu_pos_plus_ed	seasonal_naive	3	train_quantile_0.85	11.414999999999994	46	0.43478260869565216	0.30434782608695654	0.65	0.9615384615384616	0.9285714285714286	0.78125	0.7647058823529412	0.44222408026755855	0.8191304347826086	0.8615489130434782	1.0	0.5	0.8846153846153846	0.2826086956521739
4	FluSurv-NET	65+ yr	Overall	ridge_with_signals_plus_flu_pos_plus_ed	seasonal_naive	3	train_quantile_0.90	14.290000000000001	46	0.34782608695652173	0.21739130434782608	0.4375	0.9	0.7	0.75	0.5384615384615384	0.15104166666666669	0.7055183946488292	0.8016483516483517	1.0	0.4375	0.8333333333333334	0.2608695652173913
4	FluSurv-NET	65+ yr	Overall	ridge_with_signals_plus_flu_pos_plus_ed	seasonal_naive	3	train_quantile_0.95	18.189999999999998	46	0.30434782608695654	0.1956521739130435	0.2857142857142857	0.84375	0.4444444444444444	0.7297297297297297	0.34782608695652173	0.05576923076923078	0.6183333333333332	0.618125	0.9637499999999999	0.35714285714285715	0.84375	0.21739130434782608
4	FluSurv-NET	65+ yr	Overall	ridge_with_signals_plus_flu_pos_plus_ed	seasonal_naive	4	train_quantile_0.85	11.414999999999994	45	0.4444444444444444	0.17777777777777778	0.35	0.96	0.875	0.6486486486486487	0.4999999999999999	0.19282608695652176	0.5427248677248676	0.9270604395604396	1.0	0.5	0.88	0.28888888888888886
4	FluSurv-NET	65+ yr	Overall	ridge_with_signals_plus_flu_pos_plus_ed	seasonal_naive	4	train_quantile_0.90	14.290000000000001	45	0.35555555555555557	0.13333333333333333	0.1875	0.896551724137931	0.5	0.6666666666666666	0.2727272727272727	0.05263157894736842	0.33307692307692294	0.73075	1.0	0.4375	0.8275862068965517	0.26666666666666666
4	FluSurv-NET	65+ yr	Overall	ridge_with_signals_plus_flu_pos_plus_ed	seasonal_naive	4	train_quantile_0.95	18.189999999999998	45	0.3111111111111111	0.06666666666666667	0.0	0.9032258064516129	0.0	0.6666666666666666		0.0	0.0	0.7666666666666667	1.0	0.35714285714285715	0.8387096774193549	0.2222222222222222
4	RSV-NET	65+ yr	Overall	seasonal_naive	seasonal_naive	1	train_quantile_0.85	2.3	59	0.3728813559322034	0.3220338983050847	0.7727272727272727	0.9459459459459459	0.8947368421052632	0.875	0.8292682926829269	0.3433179723502304	1.0	0.8443055555555556	1.0	0.7727272727272727	0.9459459459459459	0.3220338983050847
4	RSV-NET	65+ yr	Overall	seasonal_naive	seasonal_naive	1	train_quantile_0.90	3.1800000000000015	59	0.3050847457627119	0.288135593220339	0.7777777777777778	0.926829268292683	0.8235294117647058	0.9047619047619048	0.7999999999999999			0.8291666666666667	1.0	0.7777777777777778	0.926829268292683	0.288135593220339
4	RSV-NET	65+ yr	Overall	seasonal_naive	seasonal_naive	1	train_quantile_0.95	4.189999999999998	59	0.2542372881355932	0.22033898305084745	0.6666666666666666	0.9318181818181818	0.7692307692307693	0.8913043478260869	0.7142857142857142	0.2065934065934066	1.0	0.810287081339713	1.0	0.6666666666666666	0.9318181818181818	0.22033898305084745
4	RSV-NET	65+ yr	Overall	seasonal_naive	seasonal_naive	2	train_quantile_0.85	2.3	58	0.3620689655172414	0.3103448275862069	0.7619047619047619	0.9459459459459459	0.8888888888888888	0.875	0.8205128205128205	0.3953296703296703	1.0	0.8608455882352941	1.0	0.7619047619047619	0.9459459459459459	0.3103448275862069
4	RSV-NET	65+ yr	Overall	seasonal_naive	seasonal_naive	2	train_quantile_0.90	3.1800000000000015	58	0.29310344827586204	0.27586206896551724	0.7647058823529411	0.926829268292683	0.8125	0.9047619047619048	0.787878787878788	0.3262820512820513	1.0	0.837298747763864	1.0	0.7647058823529411	0.926829268292683	0.27586206896551724
4	RSV-NET	65+ yr	Overall	seasonal_naive	seasonal_naive	2	train_quantile_0.95	4.189999999999998	58	0.2413793103448276	0.20689655172413793	0.6428571428571429	0.9318181818181818	0.75	0.8913043478260869	0.6923076923076924			0.8377871205906481	1.0	0.6428571428571429	0.9318181818181818	0.20689655172413793
4	RSV-NET	65+ yr	Overall	seasonal_naive	seasonal_naive	3	train_quantile_0.85	2.3	57	0.3508771929824561	0.2982456140350877	0.75	0.9459459459459459	0.8823529411764706	0.875	0.8108108108108107	0.2423611111111111	1.0	0.78150623885918	1.0	0.75	0.9459459459459459	0.2982456140350877
4	RSV-NET	65+ yr	Overall	seasonal_naive	seasonal_naive	3	train_quantile_0.90	3.1800000000000015	57	0.2807017543859649	0.2631578947368421	0.75	0.926829268292683	0.8	0.9047619047619048	0.7741935483870969			0.7758928571428572	1.0	0.75	0.926829268292683	0.2631578947368421
4	RSV-NET	65+ yr	Overall	seasonal_naive	seasonal_naive	3	train_quantile_0.95	4.189999999999998	57	0.22807017543859648	0.19298245614035087	0.6153846153846154	0.9318181818181818	0.7272727272727273	0.8913043478260869	0.6666666666666667	0.16730769230769232	1.0	0.8457706766917293	1.0	0.6153846153846154	0.9318181818181818	0.19298245614035087
4	RSV-NET	65+ yr	Overall	seasonal_naive	seasonal_naive	4	train_quantile_0.85	2.3	56	0.3392857142857143	0.2857142857142857	0.7368421052631579	0.9459459459459459	0.875	0.875	0.7999999999999999	0.2026315789473684	1.0	0.8561936936936937	1.0	0.7368421052631579	0.9459459459459459	0.2857142857142857
4	RSV-NET	65+ yr	Overall	seasonal_naive	seasonal_naive	4	train_quantile_0.90	3.1800000000000015	56	0.26785714285714285	0.25	0.7333333333333333	0.926829268292683	0.7857142857142857	0.9047619047619048	0.7586206896551724	0.0	1.0	0.8000297619047619	1.0	0.7333333333333333	0.926829268292683	0.25
4	RSV-NET	65+ yr	Overall	seasonal_naive	seasonal_naive	4	train_quantile_0.95	4.189999999999998	56	0.21428571428571427	0.17857142857142858	0.5833333333333334	0.9318181818181818	0.7	0.8913043478260869	0.6363636363636365			0.8215625	0.9811320754716981	0.5833333333333334	0.9318181818181818	0.17857142857142858
4	RSV-NET	65+ yr	Overall	ridge_univariate	seasonal_naive	1	train_quantile_0.85	2.3	59	0.3728813559322034	0.3389830508474576	0.9090909090909091	1.0	1.0	0.9487179487179487	0.9523809523809523	0.75	1.0	1.0	1.0	0.7727272727272727	0.9459459459459459	0.3220338983050847
4	RSV-NET	65+ yr	Overall	ridge_univariate	seasonal_naive	1	train_quantile_0.90	3.1800000000000015	59	0.3050847457627119	0.288135593220339	0.8888888888888888	0.975609756097561	0.9411764705882353	0.9523809523809523	0.9142857142857143	0.6135416666666667	1.0	0.9227083333333334	1.0	0.7777777777777778	0.926829268292683	0.288135593220339
4	RSV-NET	65+ yr	Overall	ridge_univariate	seasonal_naive	1	train_quantile_0.95	4.189999999999998	59	0.2542372881355932	0.1864406779661017	0.6666666666666666	0.9772727272727273	0.9090909090909091	0.8958333333333334	0.7692307692307692			0.9402380952380952	1.0	0.6666666666666666	0.9318181818181818	0.22033898305084745
4	RSV-NET	65+ yr	Overall	ridge_univariate	seasonal_naive	2	train_quantile_0.85	2.3	58	0.3620689655172414	0.3275862068965517	0.8571428571428571	0.972972972972973	0.9473684210526315	0.9230769230769231	0.9	0.4524725274725275	1.0	0.9160119047619047	1.0	0.7619047619047619	0.9459459459459459	0.3103448275862069
4	RSV-NET	65+ yr	Overall	ridge_univariate	seasonal_naive	2	train_quantile_0.90	3.1800000000000015	58	0.29310344827586204	0.2413793103448276	0.8235294117647058	1.0	1.0	0.9318181818181818	0.9032258064516129	0.41388888888888886	1.0	1.0	1.0	0.7647058823529411	0.926829268292683	0.27586206896551724
4	RSV-NET	65+ yr	Overall	ridge_univariate	seasonal_naive	2	train_quantile_0.95	4.189999999999998	58	0.2413793103448276	0.15517241379310345	0.5	0.9545454545454546	0.7777777777777778	0.8571428571428571	0.6086956521739131	0.15138888888888888	0.7241071428571428	0.903452380952381	0.9815793754066363	0.6428571428571429	0.9318181818181818	0.20689655172413793
4	RSV-NET	65+ yr	Overall	ridge_univariate	seasonal_naive	3	train_quantile_0.85	2.3	57	0.3508771929824561	0.2982456140350877	0.8	0.972972972972973	0.9411764705882353	0.9	0.8648648648648648	0.3333333333333333	1.0	0.9488851351351351	1.0	0.75	0.9459459459459459	0.2982456140350877
4	RSV-NET	65+ yr	Overall	ridge_univariate	seasonal_naive	3	train_quantile_0.90	3.1800000000000015	57	0.2807017543859649	0.19298245614035087	0.6875	1.0	1.0	0.8913043478260869	0.8148148148148148	0.17765151515151514	0.8157142857142856	1.0	1.0	0.75	0.926829268292683	0.2631578947368421
4	RSV-NET	65+ yr	Overall	ridge_univariate	seasonal_naive	3	train_quantile_0.95	4.189999999999998	57	0.22807017543859648	0.14035087719298245	0.5384615384615384	0.9772727272727273	0.875	0.8775510204081632	0.6666666666666667	0.0	0.8791666666666664	0.9388108108108109	1.0	0.6153846153846154	0.9318181818181818	0.19298245614035087
4	RSV-NET	65+ yr	Overall	ridge_univariate	seasonal_naive	4	train_quantile_0.85	2.3	56	0.3392857142857143	0.23214285714285715	0.6842105263157895	1.0	1.0	0.8604651162790697	0.8125000000000001	0.0	1.0	1.0	1.0	0.7368421052631579	0.9459459459459459	0.2857142857142857
4	RSV-NET	65+ yr	Overall	ridge_univariate	seasonal_naive	4	train_quantile_0.90	3.1800000000000015	56	0.26785714285714285	0.16071428571428573	0.5333333333333333	0.975609756097561	0.8888888888888888	0.851063829787234	0.6666666666666667			0.9373157248157249	1.0	0.7333333333333333	0.926829268292683	0.25
4	RSV-NET	65+ yr	Overall	ridge_univariate	seasonal_naive	4	train_quantile_0.95	4.189999999999998	56	0.21428571428571427	0.10714285714285714	0.4166666666666667	0.9772727272727273	0.8333333333333334	0.86	0.5555555555555556			0.9375	1.0	0.5833333333333334	0.9318181818181818	0.17857142857142858
4	RSV-NET	65+ yr	Overall	ridge_with_ed	seasonal_naive	1	train_quantile_0.85	2.3	59	0.3728813559322034	0.3389830508474576	0.9090909090909091	1.0	1.0	0.9487179487179487	0.9523809523809523	0.4875	1.0	1.0	1.0	0.7727272727272727	0.9459459459459459	0.3220338983050847
4	RSV-NET	65+ yr	Overall	ridge_with_ed	seasonal_naive	1	train_quantile_0.90	3.1800000000000015	59	0.3050847457627119	0.288135593220339	0.8888888888888888	0.975609756097561	0.9411764705882353	0.9523809523809523	0.9142857142857143	0.567063492063492	1.0	0.9323809523809524	1.0	0.7777777777777778	0.926829268292683	0.288135593220339
4	RSV-NET	65+ yr	Overall	ridge_with_ed	seasonal_naive	1	train_quantile_0.95	4.189999999999998	59	0.2542372881355932	0.1864406779661017	0.6666666666666666	0.9772727272727273	0.9090909090909091	0.8958333333333334	0.7692307692307692	0.215625	1.0	0.9237698412698413	1.0	0.6666666666666666	0.9318181818181818	0.22033898305084745
4	RSV-NET	65+ yr	Overall	ridge_with_ed	seasonal_naive	2	train_quantile_0.85	2.3	58	0.3620689655172414	0.3103448275862069	0.8571428571428571	1.0	1.0	0.925	0.923076923076923	0.3333333333333333	1.0	1.0	1.0	0.7619047619047619	0.9459459459459459	0.3103448275862069
4	RSV-NET	65+ yr	Overall	ridge_with_ed	seasonal_naive	2	train_quantile_0.90	3.1800000000000015	58	0.29310344827586204	0.2413793103448276	0.8235294117647058	1.0	1.0	0.9318181818181818	0.9032258064516129	0.346875	1.0	1.0	1.0	0.7647058823529411	0.926829268292683	0.27586206896551724
4	RSV-NET	65+ yr	Overall	ridge_with_ed	seasonal_naive	2	train_quantile_0.95	4.189999999999998	58	0.2413793103448276	0.13793103448275862	0.5	0.9772727272727273	0.875	0.86	0.6363636363636364	0.22708333333333333	0.7794642857142855	0.8992948717948718	1.0	0.6428571428571429	0.9318181818181818	0.20689655172413793
4	RSV-NET	65+ yr	Overall	ridge_with_ed	seasonal_naive	3	train_quantile_0.85	2.3	57	0.3508771929824561	0.2807017543859649	0.75	0.972972972972973	0.9375	0.8780487804878049	0.8333333333333334	0.4253472222222222	0.9113095238095238	0.8974242424242425	1.0	0.75	0.9459459459459459	0.2982456140350877
4	RSV-NET	65+ yr	Overall	ridge_with_ed	seasonal_naive	3	train_quantile_0.90	3.1800000000000015	57	0.2807017543859649	0.17543859649122806	0.625	1.0	1.0	0.8723404255319149	0.7692307692307693			1.0	1.0	0.75	0.926829268292683	0.2631578947368421
4	RSV-NET	65+ yr	Overall	ridge_with_ed	seasonal_naive	3	train_quantile_0.95	4.189999999999998	57	0.22807017543859648	0.12280701754385964	0.5384615384615384	1.0	1.0	0.88	0.7000000000000001			1.0	1.0	0.6153846153846154	0.9318181818181818	0.19298245614035087
4	RSV-NET	65+ yr	Overall	ridge_with_ed	seasonal_naive	4	train_quantile_0.85	2.3	56	0.3392857142857143	0.23214285714285715	0.6842105263157895	1.0	1.0	0.8604651162790697	0.8125000000000001	0.15535714285714286	0.881875	1.0	1.0	0.7368421052631579	0.9459459459459459	0.2857142857142857
4	RSV-NET	65+ yr	Overall	ridge_with_ed	seasonal_naive	4	train_quantile_0.90	3.1800000000000015	56	0.26785714285714285	0.14285714285714285	0.5333333333333333	1.0	1.0	0.8541666666666666	0.6956521739130436	0.0	0.6660714285714285	1.0	1.0	0.7333333333333333	0.926829268292683	0.25
4	RSV-NET	65+ yr	Overall	ridge_with_ed	seasonal_naive	4	train_quantile_0.95	4.189999999999998	56	0.21428571428571427	0.08928571428571429	0.4166666666666667	1.0	1.0	0.8627450980392157	0.5882352941176471			1.0	1.0	0.5833333333333334	0.9318181818181818	0.17857142857142858
