exclude_last_weeks	surveillance_network	age_group	site	train_scope	horizon_weeks	era	era_start	era_end	method	paired_n	metric	baseline_value	method_value	improvement_over_baseline	improvement_ci_lo	improvement_ci_hi
0	FluSurv-NET	0-4 yr	Overall	within_site	1	post_2021	2021-10-01	2026-03-14	ridge_univariate	55	MAE	2.0927272727272728	1.387575071323156	0.7051522014041167	-0.07431092814398173	1.5688727168538026
0	FluSurv-NET	0-4 yr	Overall	within_site	2	post_2021	2021-10-01	2026-03-14	ridge_univariate	53	MAE	2.1528301886792454	1.9391903605819119	0.2136398280973335	-0.6913354815830893	1.1864848769512906
0	FluSurv-NET	0-4 yr	Overall	within_site	3	post_2021	2021-10-01	2026-03-14	ridge_univariate	51	MAE	2.215686274509804	2.2434555899256203	-0.027769315415816287	-1.1114409868134736	0.911343042677082
0	FluSurv-NET	0-4 yr	Overall	within_site	4	post_2021	2021-10-01	2026-03-14	ridge_univariate	49	MAE	2.2918367346938773	2.4855339130482212	-0.19369717835434397	-1.28696423276674	0.7699121089519274
0	FluSurv-NET	0-<1 yr	Overall	within_site	1	post_2021	2021-10-01	2026-03-14	ridge_univariate	55	MAE	3.6472727272727283	2.65535710545208	0.9919156218206484	-0.16409579544804845	2.2772696605213314
0	FluSurv-NET	0-<1 yr	Overall	within_site	2	post_2021	2021-10-01	2026-03-14	ridge_univariate	53	MAE	3.7283018867924533	3.1804228806106827	0.5478790061817707	-0.7568751515767477	2.2153504243247415
0	FluSurv-NET	0-<1 yr	Overall	within_site	3	post_2021	2021-10-01	2026-03-14	ridge_univariate	51	MAE	3.8235294117647065	3.5766675583636403	0.24686185340106626	-1.1552269115464013	1.9244164336464327
0	FluSurv-NET	0-<1 yr	Overall	within_site	4	post_2021	2021-10-01	2026-03-14	ridge_univariate	49	MAE	3.9693877551020407	4.008903056654163	-0.03951530155212257	-1.5666139536340753	1.2625983565835035
0	FluSurv-NET	1-4 yr	Overall	within_site	1	post_2021	2021-10-01	2026-03-14	ridge_univariate	55	MAE	1.8054545454545454	1.211670225709955	0.5937843197445904	-0.13376209361162772	1.4537677308730579
0	FluSurv-NET	1-4 yr	Overall	within_site	2	post_2021	2021-10-01	2026-03-14	ridge_univariate	53	MAE	1.864150943396226	1.6919950458080366	0.1721558975881894	-0.6325885155508241	0.9960068139485935
0	FluSurv-NET	1-4 yr	Overall	within_site	3	post_2021	2021-10-01	2026-03-14	ridge_univariate	51	MAE	1.9235294117647062	1.972849990991836	-0.049320579227129846	-0.9937916194503723	0.8552299844761638
0	FluSurv-NET	1-4 yr	Overall	within_site	4	post_2021	2021-10-01	2026-03-14	ridge_univariate	49	MAE	1.9857142857142858	2.1919048552013853	-0.20619056948709957	-1.207937859840739	0.6288897726261983
0	FluSurv-NET	5-17 yr	Overall	within_site	1	post_2021	2021-10-01	2026-03-14	ridge_univariate	55	MAE	0.8072727272727273	0.5872311244999343	0.22004160277279294	-0.06066030256997981	0.5341210881666724
0	FluSurv-NET	5-17 yr	Overall	within_site	2	post_2021	2021-10-01	2026-03-14	ridge_univariate	53	MAE	0.8339622641509434	0.7489706577741391	0.08499160637680436	-0.23772779552810266	0.4098793484981167
0	FluSurv-NET	5-17 yr	Overall	within_site	3	post_2021	2021-10-01	2026-03-14	ridge_univariate	51	MAE	0.8607843137254904	0.8440144747555688	0.01676983896992157	-0.2599079981411119	0.3194403361037042
0	FluSurv-NET	5-17 yr	Overall	within_site	4	post_2021	2021-10-01	2026-03-14	ridge_univariate	49	MAE	0.8918367346938775	0.9689193769658351	-0.0770826422719576	-0.38455078860790304	0.2553162213946147
0	FluSurv-NET	Overall	Overall	within_site	1	post_2021	2021-10-01	2026-03-14	ridge_univariate	83	MAE	2.99277108433735	1.3668462622889668	1.625924822048383	0.7006035408909816	2.668977145735749
0	FluSurv-NET	Overall	Overall	within_site	2	post_2021	2021-10-01	2026-03-14	ridge_univariate	80	MAE	3.0687499999999996	1.839429004410847	1.2293209955891526	0.1691334565963305	2.3646767013915495
0	FluSurv-NET	Overall	Overall	within_site	3	post_2021	2021-10-01	2026-03-14	ridge_univariate	77	MAE	3.1428571428571432	2.4113271799643172	0.731529962892826	-0.4984007146377762	1.7768407181674282
0	FluSurv-NET	Overall	Overall	within_site	4	post_2021	2021-10-01	2026-03-14	ridge_univariate	74	MAE	3.2135135135135138	2.6832999035409824	0.5302136099725314	-0.742699101749915	1.521610883618135
0	RSV-NET	0-4 yr	Overall	within_site	1	post_2021	2021-10-01	2026-03-14	ridge_univariate	190	MAE	7.618947368421052	2.6859238647013672	4.933023503719685	3.082951108587362	7.066135569070501
0	RSV-NET	0-4 yr	Overall	within_site	2	post_2021	2021-10-01	2026-03-14	ridge_univariate	189	MAE	7.633333333333332	3.809765958536809	3.823567374796523	2.0361119479720142	5.753836035731184
0	RSV-NET	0-4 yr	Overall	within_site	3	post_2021	2021-10-01	2026-03-14	ridge_univariate	188	MAE	7.6462765957446805	4.874564522446512	2.7717120732981684	0.8957050016749689	4.644540812567339
0	RSV-NET	0-4 yr	Overall	within_site	4	post_2021	2021-10-01	2026-03-14	ridge_univariate	187	MAE	7.647058823529412	5.973025570076338	1.6740332534530742	-0.5184274788932018	3.645264071907424
0	RSV-NET	0-<1 yr	Overall	within_site	1	post_2021	2021-10-01	2026-03-14	ridge_univariate	190	MAE	18.77421052631579	7.124888358502544	11.649322167813246	6.836507845962096	17.429025448254183
0	RSV-NET	0-<1 yr	Overall	within_site	2	post_2021	2021-10-01	2026-03-14	ridge_univariate	189	MAE	18.814285714285717	9.80641105453102	9.007874659754696	4.280532488177264	14.52095567187147
0	RSV-NET	0-<1 yr	Overall	within_site	3	post_2021	2021-10-01	2026-03-14	ridge_univariate	188	MAE	18.848936170212767	11.94109553642582	6.907840633786947	2.018528454859749	11.390597852139136
0	RSV-NET	0-<1 yr	Overall	within_site	4	post_2021	2021-10-01	2026-03-14	ridge_univariate	187	MAE	18.81390374331551	14.438623254791526	4.375280488523984	-1.0660888790873324	9.261623801447751
0	RSV-NET	1-4 yr	Overall	within_site	1	post_2021	2021-10-01	2026-03-14	ridge_univariate	190	MAE	4.855263157894738	1.9905301375817783	2.8647330203129595	1.7195962458461536	4.1522332381970894
0	RSV-NET	1-4 yr	Overall	within_site	2	post_2021	2021-10-01	2026-03-14	ridge_univariate	189	MAE	4.862962962962964	2.7344585163929467	2.1285044465700174	0.9931774359648926	3.3896890130972825
0	RSV-NET	1-4 yr	Overall	within_site	3	post_2021	2021-10-01	2026-03-14	ridge_univariate	188	MAE	4.870744680851064	3.419280642937851	1.4514640379132127	0.08547116927085982	2.921627212581235
0	RSV-NET	1-4 yr	Overall	within_site	4	post_2021	2021-10-01	2026-03-14	ridge_univariate	187	MAE	4.879679144385027	4.147215546392517	0.7324635979925098	-0.8070971330889699	2.2620610751344827
0	RSV-NET	5-17 yr	Overall	within_site	1	post_2021	2021-10-01	2026-03-14	ridge_univariate	190	MAE	0.2768421052631579	0.16336186951364984	0.11348023574950805	0.04949082716904641	0.19959676709155755
0	RSV-NET	5-17 yr	Overall	within_site	2	post_2021	2021-10-01	2026-03-14	ridge_univariate	189	MAE	0.2777777777777778	0.2040730936014619	0.0737046841763159	-0.010171756737038603	0.1521781693462396
0	RSV-NET	5-17 yr	Overall	within_site	3	post_2021	2021-10-01	2026-03-14	ridge_univariate	188	MAE	0.27872340425531916	0.234312822828592	0.04441058142672716	-0.0422893649199768	0.13737482016838273
0	RSV-NET	5-17 yr	Overall	within_site	4	post_2021	2021-10-01	2026-03-14	ridge_univariate	187	MAE	0.28021390374331556	0.26074130550935015	0.01947259823396541	-0.07150929671777873	0.11546715325932076
0	RSV-NET	Overall	Overall	within_site	1	post_2021	2021-10-01	2026-03-14	ridge_univariate	190	MAE	0.704736842105263	0.2570286484946769	0.4477081936105861	0.29396044834765733	0.6341858992447355
0	RSV-NET	Overall	Overall	within_site	2	post_2021	2021-10-01	2026-03-14	ridge_univariate	189	MAE	0.7058201058201057	0.368045267895125	0.3377748379249807	0.19168471371625598	0.49814701756543267
0	RSV-NET	Overall	Overall	within_site	3	post_2021	2021-10-01	2026-03-14	ridge_univariate	188	MAE	0.7074468085106383	0.4567064666223089	0.25074034188832944	0.09136202845803716	0.44505623660670984
0	RSV-NET	Overall	Overall	within_site	4	post_2021	2021-10-01	2026-03-14	ridge_univariate	187	MAE	0.7090909090909091	0.5552838399763741	0.153807069114535	-0.017007478529059983	0.3278599790688189
4	FluSurv-NET	0-4 yr	Overall	within_site	1	post_2021	2021-10-01	2026-03-14	ridge_univariate	51	MAE	2.037254901960784	1.4347532407277672	0.602501661233017	-0.2965562419782891	1.2688732382332857
4	FluSurv-NET	0-4 yr	Overall	within_site	2	post_2021	2021-10-01	2026-03-14	ridge_univariate	49	MAE	2.0999999999999996	1.989358285196175	0.11064171480382456	-0.8456709373640998	0.782992727429144
4	FluSurv-NET	0-4 yr	Overall	within_site	3	post_2021	2021-10-01	2026-03-14	ridge_univariate	47	MAE	2.1659574468085108	2.3597395864400355	-0.19378213963152469	-1.2864326767614078	0.35025035829700435
4	FluSurv-NET	0-4 yr	Overall	within_site	4	post_2021	2021-10-01	2026-03-14	ridge_univariate	45	MAE	2.2466666666666666	2.6162467414996695	-0.3695800748330029	-1.582849519738299	0.35617164944626145
4	FluSurv-NET	0-<1 yr	Overall	within_site	1	post_2021	2021-10-01	2026-03-14	ridge_univariate	51	MAE	3.507843137254903	2.670952759189965	0.8368903780649379	-0.40585658955401216	1.699695797645521
4	FluSurv-NET	0-<1 yr	Overall	within_site	2	post_2021	2021-10-01	2026-03-14	ridge_univariate	49	MAE	3.589795918367347	3.2950022975516786	0.2947936208156685	-1.047476944518229	1.2315812840446905
4	FluSurv-NET	0-<1 yr	Overall	within_site	3	post_2021	2021-10-01	2026-03-14	ridge_univariate	47	MAE	3.687234042553192	3.8232729947582476	-0.13603895220505535	-1.4948746456747295	0.5909751108124
4	FluSurv-NET	0-<1 yr	Overall	within_site	4	post_2021	2021-10-01	2026-03-14	ridge_univariate	45	MAE	3.8400000000000003	4.215272987199559	-0.3752729871995588	-1.7732689494822675	0.4685684271490311
4	FluSurv-NET	1-4 yr	Overall	within_site	1	post_2021	2021-10-01	2026-03-14	ridge_univariate	51	MAE	1.7784313725490197	1.268474131178312	0.5099572413707076	-0.3213102407619384	1.1123535419492778
4	FluSurv-NET	1-4 yr	Overall	within_site	2	post_2021	2021-10-01	2026-03-14	ridge_univariate	49	MAE	1.8408163265306121	1.731220833106423	0.10959549342418917	-0.7788275349484127	0.5929185415447478
4	FluSurv-NET	1-4 yr	Overall	within_site	3	post_2021	2021-10-01	2026-03-14	ridge_univariate	47	MAE	1.9042553191489362	2.0624370683923408	-0.15818174924340456	-1.172026487148115	0.4706014395926275
4	FluSurv-NET	1-4 yr	Overall	within_site	4	post_2021	2021-10-01	2026-03-14	ridge_univariate	45	MAE	1.9711111111111108	2.30031020748994	-0.32919909637882916	-1.3863625816013994	0.32804669460980823
4	FluSurv-NET	5-17 yr	Overall	within_site	1	post_2021	2021-10-01	2026-03-14	ridge_univariate	51	MAE	0.8274509803921568	0.6070930545736218	0.22035792581853497	-0.11286534954245636	0.4579617016915261
4	FluSurv-NET	5-17 yr	Overall	within_site	2	post_2021	2021-10-01	2026-03-14	ridge_univariate	49	MAE	0.8571428571428571	0.7570592339482132	0.10008362319464392	-0.2515201919708936	0.3555828972854456
4	FluSurv-NET	5-17 yr	Overall	within_site	3	post_2021	2021-10-01	2026-03-14	ridge_univariate	47	MAE	0.8872340425531914	0.864236193421074	0.02299784913211733	-0.2977845633991966	0.19318388589512134
4	FluSurv-NET	5-17 yr	Overall	within_site	4	post_2021	2021-10-01	2026-03-14	ridge_univariate	45	MAE	0.922222222222222	0.9763405518723306	-0.05411832965010854	-0.46838352299832875	0.21989287620436662
4	FluSurv-NET	Overall	Overall	within_site	1	post_2021	2021-10-01	2026-03-14	ridge_univariate	79	MAE	2.8506329113924047	1.41415045635055	1.4364824550418547	0.5114874768072349	2.1690759671952153
4	FluSurv-NET	Overall	Overall	within_site	2	post_2021	2021-10-01	2026-03-14	ridge_univariate	76	MAE	2.925	1.9110656009162295	1.0139343990837704	-0.011005867744212848	1.6919541901422437
4	FluSurv-NET	Overall	Overall	within_site	3	post_2021	2021-10-01	2026-03-14	ridge_univariate	73	MAE	2.9972602739726026	2.526859130883551	0.47040114308905157	-0.7687579600813822	1.2392767252174197
4	FluSurv-NET	Overall	Overall	within_site	4	post_2021	2021-10-01	2026-03-14	ridge_univariate	70	MAE	3.0657142857142854	2.8071610583495707	0.25855322736471464	-0.9703360553332767	0.9108956974809398
4	RSV-NET	0-4 yr	Overall	within_site	1	post_2021	2021-10-01	2026-03-14	ridge_univariate	186	MAE	7.758064516129032	2.6502307733976114	5.107833742731421	3.4440575936893927	7.368240431952745
4	RSV-NET	0-4 yr	Overall	within_site	2	post_2021	2021-10-01	2026-03-14	ridge_univariate	185	MAE	7.773513513513513	3.7664744393314065	4.0070390741821065	2.1986161948751373	5.976440211733087
4	RSV-NET	0-4 yr	Overall	within_site	3	post_2021	2021-10-01	2026-03-14	ridge_univariate	184	MAE	7.7875000000000005	4.8641320063294575	2.923367993670543	1.0537739684823937	4.804639241985219
4	RSV-NET	0-4 yr	Overall	within_site	4	post_2021	2021-10-01	2026-03-14	ridge_univariate	183	MAE	7.789071038251366	5.963332922619768	1.825738115631598	-0.3668589123188811	4.019674696868282
4	RSV-NET	0-<1 yr	Overall	within_site	1	post_2021	2021-10-01	2026-03-14	ridge_univariate	186	MAE	19.079032258064515	7.030528284661808	12.048503973402706	7.501585122900205	17.933373661569863
4	RSV-NET	0-<1 yr	Overall	within_site	2	post_2021	2021-10-01	2026-03-14	ridge_univariate	185	MAE	19.12162162162162	9.70127223613876	9.420349385482861	4.942045521430661	14.666708912472766
4	RSV-NET	0-<1 yr	Overall	within_site	3	post_2021	2021-10-01	2026-03-14	ridge_univariate	184	MAE	19.15869565217391	11.890654561739444	7.268041090434467	2.2430389559512536	13.119173124960232
4	RSV-NET	0-<1 yr	Overall	within_site	4	post_2021	2021-10-01	2026-03-14	ridge_univariate	183	MAE	19.12459016393443	14.397068345637527	4.727521818296902	-0.39976292863508417	9.828957550647782
4	RSV-NET	1-4 yr	Overall	within_site	1	post_2021	2021-10-01	2026-03-14	ridge_univariate	186	MAE	4.93709677419355	1.9739752254719618	2.963121548721588	1.781612784284068	4.294647119722271
4	RSV-NET	1-4 yr	Overall	within_site	2	post_2021	2021-10-01	2026-03-14	ridge_univariate	185	MAE	4.945405405405406	2.7092852032773163	2.23612020212809	0.9153434930537594	3.6245796529498753
4	RSV-NET	1-4 yr	Overall	within_site	3	post_2021	2021-10-01	2026-03-14	ridge_univariate	184	MAE	4.953804347826087	3.4050248125008262	1.5487795353252607	0.29791533743107507	2.903949328468079
4	RSV-NET	1-4 yr	Overall	within_site	4	post_2021	2021-10-01	2026-03-14	ridge_univariate	183	MAE	4.963387978142077	4.124777751388224	0.8386102267538531	-0.7236254989813062	2.2800425308242365
4	RSV-NET	5-17 yr	Overall	within_site	1	post_2021	2021-10-01	2026-03-14	ridge_univariate	186	MAE	0.27956989247311825	0.1630912057611494	0.11647868671196884	0.04340091897325336	0.19142287012417844
4	RSV-NET	5-17 yr	Overall	within_site	2	post_2021	2021-10-01	2026-03-14	ridge_univariate	185	MAE	0.2805405405405405	0.20260490349049418	0.07793563705004633	0.007084397900932284	0.15326804286158482
4	RSV-NET	5-17 yr	Overall	within_site	3	post_2021	2021-10-01	2026-03-14	ridge_univariate	184	MAE	0.28152173913043477	0.23300187285074486	0.048519866279689905	-0.030737530507879952	0.1383896471513514
4	RSV-NET	5-17 yr	Overall	within_site	4	post_2021	2021-10-01	2026-03-14	ridge_univariate	183	MAE	0.2830601092896175	0.2580956828573389	0.024964426432278586	-0.0764699504128891	0.12308075760845699
4	RSV-NET	Overall	Overall	within_site	1	post_2021	2021-10-01	2026-03-14	ridge_univariate	186	MAE	0.7150537634408602	0.2502825857146309	0.46477117772622933	0.29853977448037183	0.6362013091692962
4	RSV-NET	Overall	Overall	within_site	2	post_2021	2021-10-01	2026-03-14	ridge_univariate	185	MAE	0.7162162162162161	0.35757934305535505	0.35863687316086107	0.2281811742087505	0.5154277850667134
4	RSV-NET	Overall	Overall	within_site	3	post_2021	2021-10-01	2026-03-14	ridge_univariate	184	MAE	0.7179347826086956	0.44918376590867776	0.26875101670001783	0.12382102682435807	0.44703214825518234
4	RSV-NET	Overall	Overall	within_site	4	post_2021	2021-10-01	2026-03-14	ridge_univariate	183	MAE	0.7196721311475409	0.5478675117913002	0.1718046193562407	-0.0010163925199441388	0.3450337947798522
0	FluSurv-NET	0-4 yr	Overall	within_site	1	post_2021	2021-10-01	2026-03-14	ridge_with_ed	52	MAE	2.167307692307692	1.6338883842466554	0.5334193080610368	-0.3459637653657932	1.6207367735103604
0	FluSurv-NET	0-4 yr	Overall	within_site	2	post_2021	2021-10-01	2026-03-14	ridge_with_ed	51	MAE	2.207843137254902	2.072948748542247	0.13489438871265502	-0.8910925993011355	1.1228797105179764
0	FluSurv-NET	0-4 yr	Overall	within_site	3	post_2021	2021-10-01	2026-03-14	ridge_with_ed	50	MAE	2.2500000000000004	2.384627305105109	-0.13462730510510834	-1.215496378761077	0.8866185751140558
0	FluSurv-NET	0-4 yr	Overall	within_site	4	post_2021	2021-10-01	2026-03-14	ridge_with_ed	49	MAE	2.2918367346938773	2.5962563842009336	-0.30441964950705636	-1.4976083063479497	0.7482689940288314
0	FluSurv-NET	0-<1 yr	Overall	within_site	1	post_2021	2021-10-01	2026-03-14	ridge_with_ed	52	MAE	3.7538461538461543	2.7923388476081854	0.9615073062379689	-0.22672562987321931	2.3438589812582578
0	FluSurv-NET	0-<1 yr	Overall	within_site	2	post_2021	2021-10-01	2026-03-14	ridge_with_ed	51	MAE	3.827450980392157	3.400766685209141	0.4266842951830161	-0.7993550974016251	1.8421203550393623
0	FluSurv-NET	0-<1 yr	Overall	within_site	3	post_2021	2021-10-01	2026-03-14	ridge_with_ed	50	MAE	3.9	3.8221852277871124	0.07781477221288746	-1.4871663697798285	1.6261938888504845
0	FluSurv-NET	0-<1 yr	Overall	within_site	4	post_2021	2021-10-01	2026-03-14	ridge_with_ed	49	MAE	3.9693877551020407	4.125916751735485	-0.156528996633444	-1.679914441823473	1.3357337463468522
0	FluSurv-NET	1-4 yr	Overall	within_site	1	post_2021	2021-10-01	2026-03-14	ridge_with_ed	52	MAE	1.8788461538461538	1.4476418369026516	0.43120431694350225	-0.35522014916993944	1.3647474622204772
0	FluSurv-NET	1-4 yr	Overall	within_site	2	post_2021	2021-10-01	2026-03-14	ridge_with_ed	51	MAE	1.9137254901960783	1.8096238253379038	0.10410166485817451	-0.870106707164255	0.9480996786463763
0	FluSurv-NET	1-4 yr	Overall	within_site	3	post_2021	2021-10-01	2026-03-14	ridge_with_ed	50	MAE	1.95	2.0707651692681472	-0.12076516926814729	-1.068363683445293	0.6972181068787126
0	FluSurv-NET	1-4 yr	Overall	within_site	4	post_2021	2021-10-01	2026-03-14	ridge_with_ed	49	MAE	1.9857142857142858	2.2988219749031495	-0.3131076891888638	-1.3869281402307725	0.6471600655298397
0	FluSurv-NET	5-17 yr	Overall	within_site	1	post_2021	2021-10-01	2026-03-14	ridge_with_ed	52	MAE	0.8461538461538461	0.653068961299446	0.19308488485440012	-0.09246510126820148	0.5043404347486248
0	FluSurv-NET	5-17 yr	Overall	within_site	2	post_2021	2021-10-01	2026-03-14	ridge_with_ed	51	MAE	0.8627450980392157	0.7957284483589079	0.06701664968030785	-0.19797774602952672	0.40984114793516624
0	FluSurv-NET	5-17 yr	Overall	within_site	3	post_2021	2021-10-01	2026-03-14	ridge_with_ed	50	MAE	0.8760000000000001	0.9403937302219295	-0.0643937302219294	-0.3775621838614967	0.23761750836518047
0	FluSurv-NET	5-17 yr	Overall	within_site	4	post_2021	2021-10-01	2026-03-14	ridge_with_ed	49	MAE	0.8918367346938775	1.000441546284326	-0.10860481159044844	-0.450735374172618	0.2542515081070404
0	RSV-NET	0-4 yr	Overall	within_site	1	post_2021	2021-10-01	2026-03-14	ridge_with_ed	108	MAE	5.025925925925925	1.770669472192254	3.2552564537336712	1.4964697139301435	5.244597163592236
0	RSV-NET	0-4 yr	Overall	within_site	2	post_2021	2021-10-01	2026-03-14	ridge_with_ed	107	MAE	5.022429906542055	2.314300029577393	2.708129876964662	1.0100421761643692	4.978584727454099
0	RSV-NET	0-4 yr	Overall	within_site	3	post_2021	2021-10-01	2026-03-14	ridge_with_ed	106	MAE	5.024528301886793	2.8407218952177735	2.1838064066690195	0.27357688568702504	4.546378141738378
0	RSV-NET	0-4 yr	Overall	within_site	4	post_2021	2021-10-01	2026-03-14	ridge_with_ed	105	MAE	5.033333333333333	3.3919513482398607	1.6413819850934726	-0.3528341047703408	3.988193343013071
0	RSV-NET	0-<1 yr	Overall	within_site	1	post_2021	2021-10-01	2026-03-14	ridge_with_ed	108	MAE	12.587962962962964	4.891276922933416	7.696686040029547	2.657014387528298	13.937854799062968
0	RSV-NET	0-<1 yr	Overall	within_site	2	post_2021	2021-10-01	2026-03-14	ridge_with_ed	107	MAE	12.571028037383178	6.6246757798176885	5.946352257565489	0.6246286327635001	12.161058839367223
0	RSV-NET	0-<1 yr	Overall	within_site	3	post_2021	2021-10-01	2026-03-14	ridge_with_ed	106	MAE	12.59245283018868	7.664564971650255	4.927887858538425	-0.5096193607031927	11.340565611399727
0	RSV-NET	0-<1 yr	Overall	within_site	4	post_2021	2021-10-01	2026-03-14	ridge_with_ed	105	MAE	12.607619047619048	9.146427090097003	3.461191957522045	-2.2267785448083472	11.1261937607491
0	RSV-NET	1-4 yr	Overall	within_site	1	post_2021	2021-10-01	2026-03-14	ridge_with_ed	108	MAE	3.2101851851851855	1.316213804365575	1.8939713808196106	0.7794052869936635	3.4076322140993276
0	RSV-NET	1-4 yr	Overall	within_site	2	post_2021	2021-10-01	2026-03-14	ridge_with_ed	107	MAE	3.210280373831776	1.7286033305846726	1.4816770432471031	0.3449523654383051	2.882579779626517
0	RSV-NET	1-4 yr	Overall	within_site	3	post_2021	2021-10-01	2026-03-14	ridge_with_ed	106	MAE	3.2075471698113214	2.0367557686095847	1.1707914012017366	0.031513213489332274	2.571721300058548
0	RSV-NET	1-4 yr	Overall	within_site	4	post_2021	2021-10-01	2026-03-14	ridge_with_ed	105	MAE	3.2161904761904765	2.3695152601345626	0.8466752160559139	-0.4619183119190746	2.3016315181512814
0	RSV-NET	5-17 yr	Overall	within_site	1	post_2021	2021-10-01	2026-03-14	ridge_with_ed	108	MAE	0.20648148148148152	0.13243617627142454	0.07404530521005698	-0.0028630315088696108	0.15030016149528783
0	RSV-NET	5-17 yr	Overall	within_site	2	post_2021	2021-10-01	2026-03-14	ridge_with_ed	107	MAE	0.205607476635514	0.16253840124942268	0.04306907538609134	-0.029830029951559436	0.13455448584280322
0	RSV-NET	5-17 yr	Overall	within_site	3	post_2021	2021-10-01	2026-03-14	ridge_with_ed	106	MAE	0.20566037735849058	0.18713433388537434	0.018526043473116233	-0.057318258693316	0.11506781898645291
0	RSV-NET	5-17 yr	Overall	within_site	4	post_2021	2021-10-01	2026-03-14	ridge_with_ed	105	MAE	0.20476190476190476	0.20428663660733548	0.00047526815456927496	-0.07961547226201711	0.09760616757115313
4	FluSurv-NET	0-4 yr	Overall	within_site	1	post_2021	2021-10-01	2026-03-14	ridge_with_ed	48	MAE	2.1145833333333335	1.6984472929781995	0.41613604035513396	-0.5943165267124547	1.1959149305476608
4	FluSurv-NET	0-4 yr	Overall	within_site	2	post_2021	2021-10-01	2026-03-14	ridge_with_ed	47	MAE	2.1574468085106386	2.1292493164070008	0.028197492103637867	-1.0029001026816515	0.7728717056955394
4	FluSurv-NET	0-4 yr	Overall	within_site	3	post_2021	2021-10-01	2026-03-14	ridge_with_ed	46	MAE	2.2021739130434783	2.505325638541939	-0.3031517254984606	-1.4197979216326289	0.4029552617603582
4	FluSurv-NET	0-4 yr	Overall	within_site	4	post_2021	2021-10-01	2026-03-14	ridge_with_ed	45	MAE	2.2466666666666666	2.721196142221477	-0.4745294755548106	-1.7505880213838294	0.3129266167352376
4	FluSurv-NET	0-<1 yr	Overall	within_site	1	post_2021	2021-10-01	2026-03-14	ridge_with_ed	48	MAE	3.6145833333333335	2.81612023871356	0.7984630946197733	-0.503203369649813	1.8105358098239561
4	FluSurv-NET	0-<1 yr	Overall	within_site	2	post_2021	2021-10-01	2026-03-14	ridge_with_ed	47	MAE	3.691489361702128	3.5121442600040322	0.1793451016980958	-1.2085260337688686	1.1006695196224447
4	FluSurv-NET	0-<1 yr	Overall	within_site	3	post_2021	2021-10-01	2026-03-14	ridge_with_ed	46	MAE	3.767391304347827	4.074745687241029	-0.3073543828932017	-1.8523190642415106	0.5078916404618551
4	FluSurv-NET	0-<1 yr	Overall	within_site	4	post_2021	2021-10-01	2026-03-14	ridge_with_ed	45	MAE	3.8400000000000003	4.326974662468643	-0.48697466246864307	-2.118117043919911	0.4576192644419803
4	FluSurv-NET	1-4 yr	Overall	within_site	1	post_2021	2021-10-01	2026-03-14	ridge_with_ed	48	MAE	1.8562500000000002	1.5005975374752454	0.3556524625247548	-0.5338800466475108	1.0696599266141247
4	FluSurv-NET	1-4 yr	Overall	within_site	2	post_2021	2021-10-01	2026-03-14	ridge_with_ed	47	MAE	1.8936170212765957	1.8551889902563088	0.03842803102028691	-0.9176955920192834	0.6704160666563992
4	FluSurv-NET	1-4 yr	Overall	within_site	3	post_2021	2021-10-01	2026-03-14	ridge_with_ed	46	MAE	1.932608695652174	2.161877496020971	-0.22926880036879704	-1.2375991058886848	0.38540703764201917
4	FluSurv-NET	1-4 yr	Overall	within_site	4	post_2021	2021-10-01	2026-03-14	ridge_with_ed	45	MAE	1.9711111111111108	2.403299599387788	-0.4321884882766771	-1.5299718291633557	0.318856325629785
4	FluSurv-NET	5-17 yr	Overall	within_site	1	post_2021	2021-10-01	2026-03-14	ridge_with_ed	48	MAE	0.8708333333333332	0.6793084834684548	0.1915248498648784	-0.14118111439295716	0.426645336841849
4	FluSurv-NET	5-17 yr	Overall	within_site	2	post_2021	2021-10-01	2026-03-14	ridge_with_ed	47	MAE	0.8893617021276595	0.8069689930787187	0.0823927090489408	-0.25464117432840677	0.29471420887981037
4	FluSurv-NET	5-17 yr	Overall	within_site	3	post_2021	2021-10-01	2026-03-14	ridge_with_ed	46	MAE	0.9043478260869564	0.949011230494374	-0.04466340440741756	-0.4296044244181461	0.1826665973779541
4	FluSurv-NET	5-17 yr	Overall	within_site	4	post_2021	2021-10-01	2026-03-14	ridge_with_ed	45	MAE	0.922222222222222	1.0047228276775593	-0.08250060545533722	-0.5576281429973553	0.2184315022610457
4	RSV-NET	0-4 yr	Overall	within_site	1	post_2021	2021-10-01	2026-03-14	ridge_with_ed	104	MAE	5.175000000000001	1.6817921370814697	3.4932078629185312	1.6824912363332423	5.41655341921372
4	RSV-NET	0-4 yr	Overall	within_site	2	post_2021	2021-10-01	2026-03-14	ridge_with_ed	103	MAE	5.172815533980583	2.211122802713976	2.961692731266607	0.8255271128239249	5.087986568823724
4	RSV-NET	0-4 yr	Overall	within_site	3	post_2021	2021-10-01	2026-03-14	ridge_with_ed	102	MAE	5.176470588235294	2.7870351767166017	2.3894354115186927	0.43054014783529215	4.619806824672444
4	RSV-NET	0-4 yr	Overall	within_site	4	post_2021	2021-10-01	2026-03-14	ridge_with_ed	101	MAE	5.187128712871287	3.3396801841518426	1.8474485287194442	-0.23748206704046687	4.108114325451106
4	RSV-NET	0-<1 yr	Overall	within_site	1	post_2021	2021-10-01	2026-03-14	ridge_with_ed	104	MAE	12.895192307692307	4.67338630360775	8.221806004084556	2.6595685538870466	14.268677170618503
4	RSV-NET	0-<1 yr	Overall	within_site	2	post_2021	2021-10-01	2026-03-14	ridge_with_ed	103	MAE	12.880582524271842	6.473287072468861	6.407295451802981	0.924785468504745	12.441905868952722
4	RSV-NET	0-<1 yr	Overall	within_site	3	post_2021	2021-10-01	2026-03-14	ridge_with_ed	102	MAE	12.905882352941177	7.656971355416366	5.248910997524811	-1.122002978070933	11.632620998612317
4	RSV-NET	0-<1 yr	Overall	within_site	4	post_2021	2021-10-01	2026-03-14	ridge_with_ed	101	MAE	12.924752475247523	9.179869528205913	3.74488294704161	-2.5908442762581894	11.365404240875172
4	RSV-NET	1-4 yr	Overall	within_site	1	post_2021	2021-10-01	2026-03-14	ridge_with_ed	104	MAE	3.293269230769231	1.2688334548012306	2.0244357759680005	0.832236265324552	3.4931728164871116
4	RSV-NET	1-4 yr	Overall	within_site	2	post_2021	2021-10-01	2026-03-14	ridge_with_ed	103	MAE	3.2941747572815534	1.6658509704349622	1.6283237868465912	0.5046523003385908	2.834446479979159
4	RSV-NET	1-4 yr	Overall	within_site	3	post_2021	2021-10-01	2026-03-14	ridge_with_ed	102	MAE	3.2921568627450983	1.997031923209648	1.2951249395354503	0.08977077703509462	2.701463833648249
4	RSV-NET	1-4 yr	Overall	within_site	4	post_2021	2021-10-01	2026-03-14	ridge_with_ed	101	MAE	3.3019801980198027	2.3333897900564797	0.968590407963323	-0.21393066863025725	2.4705623029884993
4	RSV-NET	5-17 yr	Overall	within_site	1	post_2021	2021-10-01	2026-03-14	ridge_with_ed	104	MAE	0.2086538461538462	0.1302032373948561	0.0784506087589901	0.005195706946005729	0.16574477798440895
4	RSV-NET	5-17 yr	Overall	within_site	2	post_2021	2021-10-01	2026-03-14	ridge_with_ed	103	MAE	0.2077669902912621	0.15776741034120267	0.049999579950059436	-0.02221431242777864	0.1398451075185094
4	RSV-NET	5-17 yr	Overall	within_site	3	post_2021	2021-10-01	2026-03-14	ridge_with_ed	102	MAE	0.20784313725490194	0.18036826002847767	0.027474877226424277	-0.05368883315737584	0.10552029289715287
4	RSV-NET	5-17 yr	Overall	within_site	4	post_2021	2021-10-01	2026-03-14	ridge_with_ed	101	MAE	0.20693069306930692	0.19691193332723944	0.010018759742067479	-0.07015945369892276	0.10809411077498535
0	FluSurv-NET	0-4 yr	Overall	within_site	1	post_2021	2021-10-01	2026-03-14	ridge_with_signals	55	MAE	2.0927272727272728	1.3677007192455397	0.7250265534817331	-0.09819904087483926	1.627483694302404
0	FluSurv-NET	0-4 yr	Overall	within_site	2	post_2021	2021-10-01	2026-03-14	ridge_with_signals	53	MAE	2.1528301886792454	1.8381809579566344	0.314649230722611	-0.47882014277141494	1.3874985698047124
0	FluSurv-NET	0-4 yr	Overall	within_site	3	post_2021	2021-10-01	2026-03-14	ridge_with_signals	51	MAE	2.215686274509804	2.2378988130469026	-0.02221253853709859	-0.997414445226421	1.1075601548014204
0	FluSurv-NET	0-4 yr	Overall	within_site	4	post_2021	2021-10-01	2026-03-14	ridge_with_signals	49	MAE	2.2918367346938773	2.4566673618780697	-0.1648306271841924	-1.1275773062868883	0.8291074890949157
0	FluSurv-NET	0-<1 yr	Overall	within_site	1	post_2021	2021-10-01	2026-03-14	ridge_with_signals	55	MAE	3.6472727272727283	2.4752068577276756	1.1720658695450528	-0.04424253676793959	2.44516320605122
0	FluSurv-NET	0-<1 yr	Overall	within_site	2	post_2021	2021-10-01	2026-03-14	ridge_with_signals	53	MAE	3.7283018867924533	2.9455160649856618	0.7827858218067916	-0.5240504389375881	2.349104545417583
0	FluSurv-NET	0-<1 yr	Overall	within_site	3	post_2021	2021-10-01	2026-03-14	ridge_with_signals	51	MAE	3.8235294117647065	3.514720773835742	0.3088086379289643	-1.014886772259372	2.0077170436000458
0	FluSurv-NET	0-<1 yr	Overall	within_site	4	post_2021	2021-10-01	2026-03-14	ridge_with_signals	49	MAE	3.9693877551020407	3.72851937117673	0.24086838392531051	-0.8575495030960333	1.5575938586572524
0	FluSurv-NET	1-4 yr	Overall	within_site	1	post_2021	2021-10-01	2026-03-14	ridge_with_signals	55	MAE	1.8054545454545454	1.1980070076581504	0.607447537796395	-0.044686505470807936	1.5026154495357524
0	FluSurv-NET	1-4 yr	Overall	within_site	2	post_2021	2021-10-01	2026-03-14	ridge_with_signals	53	MAE	1.864150943396226	1.6512343727698697	0.21291657062635627	-0.5056462193358204	1.0894244807102877
0	FluSurv-NET	1-4 yr	Overall	within_site	3	post_2021	2021-10-01	2026-03-14	ridge_with_signals	51	MAE	1.9235294117647062	1.9611116236229342	-0.037582211858228076	-0.8312513752817099	0.8675617087415791
0	FluSurv-NET	1-4 yr	Overall	within_site	4	post_2021	2021-10-01	2026-03-14	ridge_with_signals	49	MAE	1.9857142857142858	2.1880799017992953	-0.20236561608500958	-0.9770415254374124	0.7165577146596769
0	FluSurv-NET	5-17 yr	Overall	within_site	1	post_2021	2021-10-01	2026-03-14	ridge_with_signals	55	MAE	0.8072727272727273	0.5954384320001092	0.2118342952726181	-0.051171551367103246	0.5111387500251865
0	FluSurv-NET	5-17 yr	Overall	within_site	2	post_2021	2021-10-01	2026-03-14	ridge_with_signals	53	MAE	0.8339622641509434	0.7427429622272633	0.09121930192368011	-0.15267297010868003	0.3708002688382236
0	FluSurv-NET	5-17 yr	Overall	within_site	3	post_2021	2021-10-01	2026-03-14	ridge_with_signals	51	MAE	0.8607843137254904	0.831549657134832	0.02923465659065838	-0.19081708240603742	0.3059585012603676
0	FluSurv-NET	5-17 yr	Overall	within_site	4	post_2021	2021-10-01	2026-03-14	ridge_with_signals	49	MAE	0.8918367346938775	0.8957926142436059	-0.003955879549728425	-0.22339619710367437	0.24283266321198402
0	FluSurv-NET	Overall	Overall	within_site	1	post_2021	2021-10-01	2026-03-14	ridge_with_signals	83	MAE	2.99277108433735	1.348556185995732	1.6442148983416178	0.7512790123520243	2.622823506234627
0	FluSurv-NET	Overall	Overall	within_site	2	post_2021	2021-10-01	2026-03-14	ridge_with_signals	80	MAE	3.0687499999999996	1.902375186243276	1.1663748137567236	0.26634756958485467	2.1956008667498566
0	FluSurv-NET	Overall	Overall	within_site	3	post_2021	2021-10-01	2026-03-14	ridge_with_signals	77	MAE	3.1428571428571432	2.331301726857183	0.8115554159999601	-0.1226491253347239	1.5664524834333053
0	FluSurv-NET	Overall	Overall	within_site	4	post_2021	2021-10-01	2026-03-14	ridge_with_signals	74	MAE	3.2135135135135138	2.5940448465750263	0.6194686669384875	-0.3944301071038159	1.2913151282262139
4	FluSurv-NET	0-4 yr	Overall	within_site	1	post_2021	2021-10-01	2026-03-14	ridge_with_signals	51	MAE	2.037254901960784	1.436591490001252	0.6006634119595322	-0.258241470733459	1.2454927695552152
4	FluSurv-NET	0-4 yr	Overall	within_site	2	post_2021	2021-10-01	2026-03-14	ridge_with_signals	49	MAE	2.0999999999999996	1.90353533693128	0.19646466306871968	-0.7104693248999253	0.7263778844179907
4	FluSurv-NET	0-4 yr	Overall	within_site	3	post_2021	2021-10-01	2026-03-14	ridge_with_signals	47	MAE	2.1659574468085108	2.370204463568248	-0.20424701675973722	-1.194268391065989	0.45748102968421134
4	FluSurv-NET	0-4 yr	Overall	within_site	4	post_2021	2021-10-01	2026-03-14	ridge_with_signals	45	MAE	2.2466666666666666	2.5647146725575634	-0.31804800589089677	-1.3532102515629378	0.3650447510144609
4	FluSurv-NET	0-<1 yr	Overall	within_site	1	post_2021	2021-10-01	2026-03-14	ridge_with_signals	51	MAE	3.507843137254903	2.547810053360367	0.9600330838945359	-0.250916959932772	1.9970843937839566
4	FluSurv-NET	0-<1 yr	Overall	within_site	2	post_2021	2021-10-01	2026-03-14	ridge_with_signals	49	MAE	3.589795918367347	3.064864712082169	0.5249312062851783	-0.7558710691207363	1.5021597559926034
4	FluSurv-NET	0-<1 yr	Overall	within_site	3	post_2021	2021-10-01	2026-03-14	ridge_with_signals	47	MAE	3.687234042553192	3.7390854263668754	-0.05185138381368315	-1.1909298875809087	0.7791573952094865
4	FluSurv-NET	0-<1 yr	Overall	within_site	4	post_2021	2021-10-01	2026-03-14	ridge_with_signals	45	MAE	3.8400000000000003	3.8474616039251455	-0.007461603925145166	-1.0400520637727693	0.6502994538196882
4	FluSurv-NET	1-4 yr	Overall	within_site	1	post_2021	2021-10-01	2026-03-14	ridge_with_signals	51	MAE	1.7784313725490197	1.2596418158571423	0.5187895566918774	-0.2460016476168066	1.1616982129249154
4	FluSurv-NET	1-4 yr	Overall	within_site	2	post_2021	2021-10-01	2026-03-14	ridge_with_signals	49	MAE	1.8408163265306121	1.7038858685313112	0.13693045799930093	-0.5986841185342681	0.7347051936946941
4	FluSurv-NET	1-4 yr	Overall	within_site	3	post_2021	2021-10-01	2026-03-14	ridge_with_signals	47	MAE	1.9042553191489362	2.0665207859581725	-0.16226546680923626	-1.0129445283587466	0.3598013045181065
4	FluSurv-NET	1-4 yr	Overall	within_site	4	post_2021	2021-10-01	2026-03-14	ridge_with_signals	45	MAE	1.9711111111111108	2.2887439492079733	-0.3176328380968625	-1.2018688286270889	0.2946898292494934
4	FluSurv-NET	5-17 yr	Overall	within_site	1	post_2021	2021-10-01	2026-03-14	ridge_with_signals	51	MAE	0.8274509803921568	0.6133057460482819	0.2141452343438749	-0.09014330347039323	0.48188574075022544
4	FluSurv-NET	5-17 yr	Overall	within_site	2	post_2021	2021-10-01	2026-03-14	ridge_with_signals	49	MAE	0.8571428571428571	0.7540576725724709	0.10308518457038618	-0.18384600955740094	0.3076343563902473
4	FluSurv-NET	5-17 yr	Overall	within_site	3	post_2021	2021-10-01	2026-03-14	ridge_with_signals	47	MAE	0.8872340425531914	0.8555499671860857	0.03168407536710571	-0.24123137350175086	0.22246750156842648
4	FluSurv-NET	5-17 yr	Overall	within_site	4	post_2021	2021-10-01	2026-03-14	ridge_with_signals	45	MAE	0.922222222222222	0.9187022265880214	0.00351999563420069	-0.24194410072669628	0.18523342238792218
4	FluSurv-NET	Overall	Overall	within_site	1	post_2021	2021-10-01	2026-03-14	ridge_with_signals	79	MAE	2.8506329113924047	1.3897653561287973	1.4608675552636075	0.5614834354533209	2.1255000354285003
4	FluSurv-NET	Overall	Overall	within_site	2	post_2021	2021-10-01	2026-03-14	ridge_with_signals	76	MAE	2.925	1.965002973881308	0.9599970261186919	0.03541593639213064	1.5467940535574674
4	FluSurv-NET	Overall	Overall	within_site	3	post_2021	2021-10-01	2026-03-14	ridge_with_signals	73	MAE	2.9972602739726026	2.422008739338141	0.5752515346344618	-0.3622781534626305	1.172971154160218
4	FluSurv-NET	Overall	Overall	within_site	4	post_2021	2021-10-01	2026-03-14	ridge_with_signals	70	MAE	3.0657142857142854	2.6619099646979447	0.4038043210163407	-0.519367021257843	0.9008926754759373
0	FluSurv-NET	0-4 yr	Overall	within_site	1	post_2021	2021-10-01	2026-03-14	ridge_with_signals_plus_ed	52	MAE	2.167307692307692	1.5495694988703526	0.6177381934373396	-0.152792530818662	1.5781775841420702
0	FluSurv-NET	0-4 yr	Overall	within_site	2	post_2021	2021-10-01	2026-03-14	ridge_with_signals_plus_ed	51	MAE	2.207843137254902	2.0228536849409213	0.18498945231398078	-0.6050887863551141	1.2468012278013894
0	FluSurv-NET	0-4 yr	Overall	within_site	3	post_2021	2021-10-01	2026-03-14	ridge_with_signals_plus_ed	50	MAE	2.2500000000000004	2.3588756936565285	-0.10887569365652805	-1.090831835758821	1.0881428812950764
0	FluSurv-NET	0-4 yr	Overall	within_site	4	post_2021	2021-10-01	2026-03-14	ridge_with_signals_plus_ed	49	MAE	2.2918367346938773	2.5431786475666063	-0.251341912872729	-1.2524891820862871	0.8615590533795557
0	FluSurv-NET	0-<1 yr	Overall	within_site	1	post_2021	2021-10-01	2026-03-14	ridge_with_signals_plus_ed	52	MAE	3.7538461538461543	2.785942452359576	0.9679037014865783	-0.16557241381419022	2.4036133492842815
0	FluSurv-NET	0-<1 yr	Overall	within_site	2	post_2021	2021-10-01	2026-03-14	ridge_with_signals_plus_ed	51	MAE	3.827450980392157	3.3667757484906504	0.4606752319015066	-0.7535549111295093	1.952595640378815
0	FluSurv-NET	0-<1 yr	Overall	within_site	3	post_2021	2021-10-01	2026-03-14	ridge_with_signals_plus_ed	50	MAE	3.9	3.6922926636381264	0.20770733636187355	-0.9745131222256146	2.0021027306179047
0	FluSurv-NET	0-<1 yr	Overall	within_site	4	post_2021	2021-10-01	2026-03-14	ridge_with_signals_plus_ed	49	MAE	3.9693877551020407	3.8206429417712338	0.1487448133308069	-1.1370181237577717	1.78797374137681
0	FluSurv-NET	1-4 yr	Overall	within_site	1	post_2021	2021-10-01	2026-03-14	ridge_with_signals_plus_ed	52	MAE	1.8788461538461538	1.3182908524017458	0.560555301444408	-0.15991837583291924	1.4792036322251774
0	FluSurv-NET	1-4 yr	Overall	within_site	2	post_2021	2021-10-01	2026-03-14	ridge_with_signals_plus_ed	51	MAE	1.9137254901960783	1.8118610743162025	0.10186441587987582	-0.6014594419522843	1.0841460038158592
0	FluSurv-NET	1-4 yr	Overall	within_site	3	post_2021	2021-10-01	2026-03-14	ridge_with_signals_plus_ed	50	MAE	1.95	2.062386324321889	-0.112386324321889	-0.8870606635158417	0.8725271220528237
0	FluSurv-NET	1-4 yr	Overall	within_site	4	post_2021	2021-10-01	2026-03-14	ridge_with_signals_plus_ed	49	MAE	1.9857142857142858	2.263099264276766	-0.27738497856248046	-1.0985780856144778	0.6961985083539964
0	FluSurv-NET	5-17 yr	Overall	within_site	1	post_2021	2021-10-01	2026-03-14	ridge_with_signals_plus_ed	52	MAE	0.8461538461538461	0.6637707767734801	0.18238306938036608	-0.08372243358517725	0.537958549389709
0	FluSurv-NET	5-17 yr	Overall	within_site	2	post_2021	2021-10-01	2026-03-14	ridge_with_signals_plus_ed	51	MAE	0.8627450980392157	0.7619051702779214	0.10083992776129436	-0.14791505459288737	0.44397705738696597
0	FluSurv-NET	5-17 yr	Overall	within_site	3	post_2021	2021-10-01	2026-03-14	ridge_with_signals_plus_ed	50	MAE	0.8760000000000001	0.829019523247662	0.046980476752338074	-0.19041148905022207	0.333398303873463
0	FluSurv-NET	5-17 yr	Overall	within_site	4	post_2021	2021-10-01	2026-03-14	ridge_with_signals_plus_ed	49	MAE	0.8918367346938775	0.9102441623113173	-0.018407427617439853	-0.31868280556818657	0.3532948817924383
4	FluSurv-NET	0-4 yr	Overall	within_site	1	post_2021	2021-10-01	2026-03-14	ridge_with_signals_plus_ed	48	MAE	2.1145833333333335	1.6348054667147114	0.4797778666186221	-0.3157657011326727	1.3177570319148206
4	FluSurv-NET	0-4 yr	Overall	within_site	2	post_2021	2021-10-01	2026-03-14	ridge_with_signals_plus_ed	47	MAE	2.1574468085106386	2.1124478168580896	0.04499899165254906	-0.805691988181391	0.7656280971311803
4	FluSurv-NET	0-4 yr	Overall	within_site	3	post_2021	2021-10-01	2026-03-14	ridge_with_signals_plus_ed	46	MAE	2.2021739130434783	2.511410999582934	-0.3092370865394556	-1.2713402944539214	0.3055629996078367
4	FluSurv-NET	0-4 yr	Overall	within_site	4	post_2021	2021-10-01	2026-03-14	ridge_with_signals_plus_ed	45	MAE	2.2466666666666666	2.658893766534738	-0.41222709986807127	-1.4243803515179767	0.35666923616064355
4	FluSurv-NET	0-<1 yr	Overall	within_site	1	post_2021	2021-10-01	2026-03-14	ridge_with_signals_plus_ed	48	MAE	3.6145833333333335	2.865188015020042	0.7493953183132915	-0.5046923717840693	1.8957480600846282
4	FluSurv-NET	0-<1 yr	Overall	within_site	2	post_2021	2021-10-01	2026-03-14	ridge_with_signals_plus_ed	47	MAE	3.691489361702128	3.485881344299437	0.20560801740269108	-1.0160828127419244	1.2978626053291409
4	FluSurv-NET	0-<1 yr	Overall	within_site	3	post_2021	2021-10-01	2026-03-14	ridge_with_signals_plus_ed	46	MAE	3.767391304347827	3.914207440558482	-0.14681613621065503	-1.3664593688176485	0.7480933321594524
4	FluSurv-NET	0-<1 yr	Overall	within_site	4	post_2021	2021-10-01	2026-03-14	ridge_with_signals_plus_ed	45	MAE	3.8400000000000003	3.9558494089011838	-0.11584940890118345	-1.407892823079111	1.1191738903673742
4	FluSurv-NET	1-4 yr	Overall	within_site	1	post_2021	2021-10-01	2026-03-14	ridge_with_signals_plus_ed	48	MAE	1.8562500000000002	1.4007505938965414	0.45549940610345874	-0.314978057668468	1.0777655249501057
4	FluSurv-NET	1-4 yr	Overall	within_site	2	post_2021	2021-10-01	2026-03-14	ridge_with_signals_plus_ed	47	MAE	1.8936170212765957	1.8821318648967267	0.011485156379869021	-0.7512971621188856	0.635661647456672
4	FluSurv-NET	1-4 yr	Overall	within_site	3	post_2021	2021-10-01	2026-03-14	ridge_with_signals_plus_ed	46	MAE	1.932608695652174	2.188995173156399	-0.25638647750422483	-1.1494785959838911	0.40298004891224215
4	FluSurv-NET	1-4 yr	Overall	within_site	4	post_2021	2021-10-01	2026-03-14	ridge_with_signals_plus_ed	45	MAE	1.9711111111111108	2.3697980185059713	-0.39868690739486046	-1.1969421215500076	0.27694814448096755
4	FluSurv-NET	5-17 yr	Overall	within_site	1	post_2021	2021-10-01	2026-03-14	ridge_with_signals_plus_ed	48	MAE	0.8708333333333332	0.698176251362316	0.17265708197101726	-0.13631222664157308	0.43854068934418766
4	FluSurv-NET	5-17 yr	Overall	within_site	2	post_2021	2021-10-01	2026-03-14	ridge_with_signals_plus_ed	47	MAE	0.8893617021276595	0.7848614130551331	0.1045002890725264	-0.18026710831221807	0.38252028489975254
4	FluSurv-NET	5-17 yr	Overall	within_site	3	post_2021	2021-10-01	2026-03-14	ridge_with_signals_plus_ed	46	MAE	0.9043478260869564	0.8652097187835213	0.03913810730343514	-0.23246508096924504	0.24339364701895816
4	FluSurv-NET	5-17 yr	Overall	within_site	4	post_2021	2021-10-01	2026-03-14	ridge_with_signals_plus_ed	45	MAE	0.922222222222222	0.9474917058990542	-0.025269483676832127	-0.3861326709171537	0.23027406143025902
0	FluSurv-NET	0-4 yr	Overall	within_site	1	post_2021	2021-10-01	2026-03-14	ridge_with_signals_plus_flu_pos	55	MAE	2.0927272727272728	1.4385818275873719	0.6541454451399009	-0.13543983683496882	1.6129190744061723
0	FluSurv-NET	0-4 yr	Overall	within_site	2	post_2021	2021-10-01	2026-03-14	ridge_with_signals_plus_flu_pos	53	MAE	2.1528301886792454	1.9863185560140248	0.1665116326652205	-0.6811401751907693	1.0804896807443838
0	FluSurv-NET	0-4 yr	Overall	within_site	3	post_2021	2021-10-01	2026-03-14	ridge_with_signals_plus_flu_pos	51	MAE	2.215686274509804	2.28720712972485	-0.07152085521504592	-0.9043390691028492	0.8809938314185812
0	FluSurv-NET	0-4 yr	Overall	within_site	4	post_2021	2021-10-01	2026-03-14	ridge_with_signals_plus_flu_pos	49	MAE	2.2918367346938773	2.62249984417679	-0.3306631094829129	-1.0807407351381444	0.5647667200491235
0	FluSurv-NET	0-<1 yr	Overall	within_site	1	post_2021	2021-10-01	2026-03-14	ridge_with_signals_plus_flu_pos	55	MAE	3.6472727272727283	2.6180719768649423	1.029200750407786	-0.08820362052263529	2.5106944698393474
0	FluSurv-NET	0-<1 yr	Overall	within_site	2	post_2021	2021-10-01	2026-03-14	ridge_with_signals_plus_flu_pos	53	MAE	3.7283018867924533	3.145484700176746	0.5828171866157073	-0.7157553989534517	1.8851583811909445
0	FluSurv-NET	0-<1 yr	Overall	within_site	3	post_2021	2021-10-01	2026-03-14	ridge_with_signals_plus_flu_pos	51	MAE	3.8235294117647065	3.53617810404366	0.28735130772104656	-0.9455247916199009	1.967691683143234
0	FluSurv-NET	0-<1 yr	Overall	within_site	4	post_2021	2021-10-01	2026-03-14	ridge_with_signals_plus_flu_pos	49	MAE	3.9693877551020407	3.958533619879747	0.010854135222293504	-1.0958701124808277	1.458738661574391
0	FluSurv-NET	1-4 yr	Overall	within_site	1	post_2021	2021-10-01	2026-03-14	ridge_with_signals_plus_flu_pos	55	MAE	1.8054545454545454	1.2443810440570948	0.5610735013974506	-0.08320216992572757	1.3998402266703396
0	FluSurv-NET	1-4 yr	Overall	within_site	2	post_2021	2021-10-01	2026-03-14	ridge_with_signals_plus_flu_pos	53	MAE	1.864150943396226	1.7802906659276838	0.08386027746854219	-0.6505791525930202	0.9211026365823829
0	FluSurv-NET	1-4 yr	Overall	within_site	3	post_2021	2021-10-01	2026-03-14	ridge_with_signals_plus_flu_pos	51	MAE	1.9235294117647062	2.0269955465645255	-0.10346613479981936	-0.8792954128507249	0.833583150352756
0	FluSurv-NET	1-4 yr	Overall	within_site	4	post_2021	2021-10-01	2026-03-14	ridge_with_signals_plus_flu_pos	49	MAE	1.9857142857142858	2.3497356587811353	-0.36402137306684956	-0.9910805591663693	0.4814825885756473
0	FluSurv-NET	5-17 yr	Overall	within_site	1	post_2021	2021-10-01	2026-03-14	ridge_with_signals_plus_flu_pos	55	MAE	0.8072727272727273	0.6288983923025906	0.17837433497013666	-0.1050799159658254	0.5077854848719165
0	FluSurv-NET	5-17 yr	Overall	within_site	2	post_2021	2021-10-01	2026-03-14	ridge_with_signals_plus_flu_pos	53	MAE	0.8339622641509434	0.7533568435064728	0.08060542064447063	-0.20649877759338958	0.38884134994019137
0	FluSurv-NET	5-17 yr	Overall	within_site	3	post_2021	2021-10-01	2026-03-14	ridge_with_signals_plus_flu_pos	51	MAE	0.8607843137254904	0.8511844671153784	0.009599846610111928	-0.19498971299144455	0.2729859671801751
0	FluSurv-NET	5-17 yr	Overall	within_site	4	post_2021	2021-10-01	2026-03-14	ridge_with_signals_plus_flu_pos	49	MAE	0.8918367346938775	0.9232044511404421	-0.031367716446564664	-0.21401076218391887	0.18404811117987552
0	FluSurv-NET	Overall	Overall	within_site	1	post_2021	2021-10-01	2026-03-14	ridge_with_signals_plus_flu_pos	77	MAE	3.0922077922077924	1.52353023840404	1.5686775538037525	0.6284973842641268	2.5206327117566687
0	FluSurv-NET	Overall	Overall	within_site	2	post_2021	2021-10-01	2026-03-14	ridge_with_signals_plus_flu_pos	73	MAE	3.0342465753424657	2.20375920092992	0.8304873744125456	-0.15022206549648445	1.8469082663536696
0	FluSurv-NET	Overall	Overall	within_site	3	post_2021	2021-10-01	2026-03-14	ridge_with_signals_plus_flu_pos	69	MAE	3.0826086956521745	2.6487789458976927	0.43382974975448185	-0.40561844883850945	1.4181900533599452
0	FluSurv-NET	Overall	Overall	within_site	4	post_2021	2021-10-01	2026-03-14	ridge_with_signals_plus_flu_pos	65	MAE	3.0892307692307694	2.922568071968296	0.16666269726247362	-0.791562155435307	1.2117253715369887
4	FluSurv-NET	0-4 yr	Overall	within_site	1	post_2021	2021-10-01	2026-03-14	ridge_with_signals_plus_flu_pos	51	MAE	2.037254901960784	1.5209334635788294	0.5163214383819548	-0.29639823016154687	1.0955959624284963
4	FluSurv-NET	0-4 yr	Overall	within_site	2	post_2021	2021-10-01	2026-03-14	ridge_with_signals_plus_flu_pos	49	MAE	2.0999999999999996	2.0706611140060165	0.029338885993983155	-0.8495559115017062	0.6893058751664272
4	FluSurv-NET	0-4 yr	Overall	within_site	3	post_2021	2021-10-01	2026-03-14	ridge_with_signals_plus_flu_pos	47	MAE	2.1659574468085108	2.4325981364861753	-0.2666406896776645	-1.0476249692718824	0.25375617988637766
4	FluSurv-NET	0-4 yr	Overall	within_site	4	post_2021	2021-10-01	2026-03-14	ridge_with_signals_plus_flu_pos	45	MAE	2.2466666666666666	2.7035699159431483	-0.45690324927648174	-1.2586375184945648	0.27911432320372254
4	FluSurv-NET	0-<1 yr	Overall	within_site	1	post_2021	2021-10-01	2026-03-14	ridge_with_signals_plus_flu_pos	51	MAE	3.507843137254903	2.705908298686326	0.801934838568577	-0.3341719031923544	1.7238808534291783
4	FluSurv-NET	0-<1 yr	Overall	within_site	2	post_2021	2021-10-01	2026-03-14	ridge_with_signals_plus_flu_pos	49	MAE	3.589795918367347	3.258875361770519	0.33092055659682806	-0.982102164200683	1.2893281785644344
4	FluSurv-NET	0-<1 yr	Overall	within_site	3	post_2021	2021-10-01	2026-03-14	ridge_with_signals_plus_flu_pos	47	MAE	3.687234042553192	3.7062019737761336	-0.01896793122294138	-1.158418144894813	0.7538357341469273
4	FluSurv-NET	0-<1 yr	Overall	within_site	4	post_2021	2021-10-01	2026-03-14	ridge_with_signals_plus_flu_pos	45	MAE	3.8400000000000003	4.072158726846074	-0.23215872684607364	-1.388052706518563	0.7173468000567473
4	FluSurv-NET	1-4 yr	Overall	within_site	1	post_2021	2021-10-01	2026-03-14	ridge_with_signals_plus_flu_pos	51	MAE	1.7784313725490197	1.31674775175807	0.4616836207909498	-0.2890079464697762	1.104510438319751
4	FluSurv-NET	1-4 yr	Overall	within_site	2	post_2021	2021-10-01	2026-03-14	ridge_with_signals_plus_flu_pos	49	MAE	1.8408163265306121	1.8463245438258429	-0.005508217295230766	-0.7810621629316662	0.524107536543476
4	FluSurv-NET	1-4 yr	Overall	within_site	3	post_2021	2021-10-01	2026-03-14	ridge_with_signals_plus_flu_pos	47	MAE	1.9042553191489362	2.1602080168992903	-0.2559526977503541	-1.0048498019259253	0.25289049694356164
4	FluSurv-NET	1-4 yr	Overall	within_site	4	post_2021	2021-10-01	2026-03-14	ridge_with_signals_plus_flu_pos	45	MAE	1.9711111111111108	2.431770972623671	-0.46065986151256033	-1.1864164618537985	0.1888801148084243
4	FluSurv-NET	5-17 yr	Overall	within_site	1	post_2021	2021-10-01	2026-03-14	ridge_with_signals_plus_flu_pos	51	MAE	0.8274509803921568	0.6511509401199492	0.17630004027220758	-0.13560852267218373	0.43601585983208313
4	FluSurv-NET	5-17 yr	Overall	within_site	2	post_2021	2021-10-01	2026-03-14	ridge_with_signals_plus_flu_pos	49	MAE	0.8571428571428571	0.7737351694441376	0.08340768769871953	-0.2808778965730143	0.31479717533773754
4	FluSurv-NET	5-17 yr	Overall	within_site	3	post_2021	2021-10-01	2026-03-14	ridge_with_signals_plus_flu_pos	47	MAE	0.8872340425531914	0.8905139187904362	-0.0032798762372447943	-0.273166626361729	0.17906607396905327
4	FluSurv-NET	5-17 yr	Overall	within_site	4	post_2021	2021-10-01	2026-03-14	ridge_with_signals_plus_flu_pos	45	MAE	0.922222222222222	0.9558584038097189	-0.033636181587496816	-0.24538215319183337	0.146396480396782
4	FluSurv-NET	Overall	Overall	within_site	1	post_2021	2021-10-01	2026-03-14	ridge_with_signals_plus_flu_pos	73	MAE	2.943835616438356	1.5572518261674082	1.3865837902709477	0.40401688530800955	1.988789087314929
4	FluSurv-NET	Overall	Overall	within_site	2	post_2021	2021-10-01	2026-03-14	ridge_with_signals_plus_flu_pos	69	MAE	2.87391304347826	2.255110546669709	0.6188024968085513	-0.28736306398611966	1.1129797981782805
4	FluSurv-NET	Overall	Overall	within_site	3	post_2021	2021-10-01	2026-03-14	ridge_with_signals_plus_flu_pos	65	MAE	2.9153846153846152	2.722938268169698	0.19244634721491716	-0.6034959305449358	0.6443852064665464
4	FluSurv-NET	Overall	Overall	within_site	4	post_2021	2021-10-01	2026-03-14	ridge_with_signals_plus_flu_pos	61	MAE	2.911475409836065	2.996299409212173	-0.08482399937610818	-0.9721311621407221	0.3238069385228326
0	FluSurv-NET	0-4 yr	Overall	within_site	1	post_2021	2021-10-01	2026-03-14	ridge_with_signals_plus_flu_pos_plus_ed	52	MAE	2.167307692307692	1.549093506025958	0.6182141862817341	-0.14183243439151633	1.6439675419179858
0	FluSurv-NET	0-4 yr	Overall	within_site	2	post_2021	2021-10-01	2026-03-14	ridge_with_signals_plus_flu_pos_plus_ed	51	MAE	2.207843137254902	2.022518231274319	0.18532490598058304	-0.6240989048101726	1.24689984255493
0	FluSurv-NET	0-4 yr	Overall	within_site	3	post_2021	2021-10-01	2026-03-14	ridge_with_signals_plus_flu_pos_plus_ed	50	MAE	2.2500000000000004	2.358813645928717	-0.10881364592871634	-1.0867104457584358	1.1230896366041645
0	FluSurv-NET	0-4 yr	Overall	within_site	4	post_2021	2021-10-01	2026-03-14	ridge_with_signals_plus_flu_pos_plus_ed	49	MAE	2.2918367346938773	2.5431097164318475	-0.2512729817379702	-1.2339175297003617	0.8962146406429697
0	FluSurv-NET	0-<1 yr	Overall	within_site	1	post_2021	2021-10-01	2026-03-14	ridge_with_signals_plus_flu_pos_plus_ed	52	MAE	3.7538461538461543	2.7847055569683437	0.9691405968778106	-0.18124615664721921	2.5058543698884295
0	FluSurv-NET	0-<1 yr	Overall	within_site	2	post_2021	2021-10-01	2026-03-14	ridge_with_signals_plus_flu_pos_plus_ed	51	MAE	3.827450980392157	3.365927226426452	0.4615237539657051	-0.7272297852404986	1.906288204930584
0	FluSurv-NET	0-<1 yr	Overall	within_site	3	post_2021	2021-10-01	2026-03-14	ridge_with_signals_plus_flu_pos_plus_ed	50	MAE	3.9	3.6922359439549894	0.20776405604501047	-1.1471788397972966	1.8816710067579459
0	FluSurv-NET	0-<1 yr	Overall	within_site	4	post_2021	2021-10-01	2026-03-14	ridge_with_signals_plus_flu_pos_plus_ed	49	MAE	3.9693877551020407	3.8206261628262093	0.1487615922758314	-1.173146549761644	1.7855412236785586
0	FluSurv-NET	1-4 yr	Overall	within_site	1	post_2021	2021-10-01	2026-03-14	ridge_with_signals_plus_flu_pos_plus_ed	52	MAE	1.8788461538461538	1.3179231164592016	0.5609230373869523	-0.156431918080674	1.5679277683186037
0	FluSurv-NET	1-4 yr	Overall	within_site	2	post_2021	2021-10-01	2026-03-14	ridge_with_signals_plus_flu_pos_plus_ed	51	MAE	1.9137254901960783	1.811569064487202	0.10215642570887629	-0.6224750924740015	1.0110664997730763
0	FluSurv-NET	1-4 yr	Overall	within_site	3	post_2021	2021-10-01	2026-03-14	ridge_with_signals_plus_flu_pos_plus_ed	50	MAE	1.95	2.06230167532798	-0.11230167532797997	-0.9943547175786662	0.9437981955393762
0	FluSurv-NET	1-4 yr	Overall	within_site	4	post_2021	2021-10-01	2026-03-14	ridge_with_signals_plus_flu_pos_plus_ed	49	MAE	1.9857142857142858	2.26299375143965	-0.2772794657253641	-1.0394257645667662	0.7892865203193736
0	FluSurv-NET	5-17 yr	Overall	within_site	1	post_2021	2021-10-01	2026-03-14	ridge_with_signals_plus_flu_pos_plus_ed	52	MAE	0.8461538461538461	0.6637261039113617	0.18242774224248448	-0.0896952185026519	0.5225598324649022
0	FluSurv-NET	5-17 yr	Overall	within_site	2	post_2021	2021-10-01	2026-03-14	ridge_with_signals_plus_flu_pos_plus_ed	51	MAE	0.8627450980392157	0.762039528862534	0.10070556917668172	-0.11980583154780107	0.44572039329537566
0	FluSurv-NET	5-17 yr	Overall	within_site	3	post_2021	2021-10-01	2026-03-14	ridge_with_signals_plus_flu_pos_plus_ed	50	MAE	0.8760000000000001	0.8293572846748125	0.0466427153251876	-0.16707674584687024	0.3330320477392401
0	FluSurv-NET	5-17 yr	Overall	within_site	4	post_2021	2021-10-01	2026-03-14	ridge_with_signals_plus_flu_pos_plus_ed	49	MAE	0.8918367346938775	0.9102323308418485	-0.01839559614797104	-0.3103327912578306	0.37158170578016714
4	FluSurv-NET	0-4 yr	Overall	within_site	1	post_2021	2021-10-01	2026-03-14	ridge_with_signals_plus_flu_pos_plus_ed	48	MAE	2.1145833333333335	1.6343669438910098	0.4802163894423237	-0.37620618985164733	1.173103900394689
4	FluSurv-NET	0-4 yr	Overall	within_site	2	post_2021	2021-10-01	2026-03-14	ridge_with_signals_plus_flu_pos_plus_ed	47	MAE	2.1574468085106386	2.1121046865235087	0.045342121987129946	-0.8142609724404376	0.69003897598887
4	FluSurv-NET	0-4 yr	Overall	within_site	3	post_2021	2021-10-01	2026-03-14	ridge_with_signals_plus_flu_pos_plus_ed	46	MAE	2.2021739130434783	2.511330684374297	-0.30915677133081854	-1.2703882771238015	0.2550714565570262
4	FluSurv-NET	0-4 yr	Overall	within_site	4	post_2021	2021-10-01	2026-03-14	ridge_with_signals_plus_flu_pos_plus_ed	45	MAE	2.2466666666666666	2.658829393241605	-0.41216272657493835	-1.4698990041483606	0.3633120400899851
4	FluSurv-NET	0-<1 yr	Overall	within_site	1	post_2021	2021-10-01	2026-03-14	ridge_with_signals_plus_flu_pos_plus_ed	48	MAE	3.6145833333333335	2.8640711086471247	0.7505122246862088	-0.4593305343987084	1.8133786541850894
4	FluSurv-NET	0-<1 yr	Overall	within_site	2	post_2021	2021-10-01	2026-03-14	ridge_with_signals_plus_flu_pos_plus_ed	47	MAE	3.691489361702128	3.4850135698020943	0.20647579190003373	-1.1647093516764926	1.085552948960171
4	FluSurv-NET	0-<1 yr	Overall	within_site	3	post_2021	2021-10-01	2026-03-14	ridge_with_signals_plus_flu_pos_plus_ed	46	MAE	3.767391304347827	3.9141391899966025	-0.1467478856487756	-1.2968634776675667	0.6913230954818764
4	FluSurv-NET	0-<1 yr	Overall	within_site	4	post_2021	2021-10-01	2026-03-14	ridge_with_signals_plus_flu_pos_plus_ed	45	MAE	3.8400000000000003	3.9558370294241847	-0.11583702942418439	-1.4227621036356186	0.9494726301791341
4	FluSurv-NET	1-4 yr	Overall	within_site	1	post_2021	2021-10-01	2026-03-14	ridge_with_signals_plus_flu_pos_plus_ed	48	MAE	1.8562500000000002	1.4003557978731553	0.45589420212684484	-0.2856211438895935	1.066333201928099
4	FluSurv-NET	1-4 yr	Overall	within_site	2	post_2021	2021-10-01	2026-03-14	ridge_with_signals_plus_flu_pos_plus_ed	47	MAE	1.8936170212765957	1.8818381809185127	0.011778840358082965	-0.7692909552641684	0.6191050180562174
4	FluSurv-NET	1-4 yr	Overall	within_site	3	post_2021	2021-10-01	2026-03-14	ridge_with_signals_plus_flu_pos_plus_ed	46	MAE	1.932608695652174	2.1888863294225085	-0.2562776337703345	-1.1187011701462195	0.31912256510214354
4	FluSurv-NET	1-4 yr	Overall	within_site	4	post_2021	2021-10-01	2026-03-14	ridge_with_signals_plus_flu_pos_plus_ed	45	MAE	1.9711111111111108	2.369692202189192	-0.3985810910780814	-1.3261682721396235	0.23761058298875815
4	FluSurv-NET	5-17 yr	Overall	within_site	1	post_2021	2021-10-01	2026-03-14	ridge_with_signals_plus_flu_pos_plus_ed	48	MAE	0.8708333333333332	0.6981337638814566	0.1726995694518766	-0.12204852138169783	0.4347922634726409
4	FluSurv-NET	5-17 yr	Overall	within_site	2	post_2021	2021-10-01	2026-03-14	ridge_with_signals_plus_flu_pos_plus_ed	47	MAE	0.8893617021276595	0.7849377909355966	0.10442391119206296	-0.18336043366961896	0.3230469944728418
4	FluSurv-NET	5-17 yr	Overall	within_site	3	post_2021	2021-10-01	2026-03-14	ridge_with_signals_plus_flu_pos_plus_ed	46	MAE	0.9043478260869564	0.8654438666168021	0.03890395947015435	-0.21950611731398448	0.2205270017033105
4	FluSurv-NET	5-17 yr	Overall	within_site	4	post_2021	2021-10-01	2026-03-14	ridge_with_signals_plus_flu_pos_plus_ed	45	MAE	0.922222222222222	0.9474485990240556	-0.025226376801833594	-0.3738200417660892	0.2593168884786718
